01/01/2020;Hong Kong;social issues;Hong Kong Protests;Protesters take part in the annual new year day march with organisers claiming over one million people took part.;"#hongkongprotests
#hkpolicebrutality
#hongkongprotesters
#standwithhongkong
#standwithhonkong
#hongkongpolicestate
#hkpoliceterrorists
#hongkongers
#hongkongprotest
#ccpchinajudgmentday
#hkpoliceterrorists
#hkpolicebrutality
#chinazi
#ccp_is_terrorist
#antiELAB
#HongKongProtests
#HKProtests
#FreeHongKong
#反送中
#NoExtraditionToChina
#LiberateHongKong
#RevolutionOfOurTimes
#FightForFreedom
#DemocracyForHK
#HKResist
#SaveHK
#StandWithHK
#Shout4HK
#StandWithHK
#PressFreedom
#5DemandsNot1Less
#FightForFreedom
#followbackhongkong
#NeverGiveUp
#NeverForget
#hkpolicebrutality
#HKPoliceTerrorists
#MagnitskyActNow
#HongKong
#Eye4HK
#EyeforHK
#GloryToHongKong
#GoodMourningCCP
#NotMyNationalDay
#70YearsOfShame
#AntiMaskLaw
#Mask4HK
#FreeKingKong
#LoveKingKong
#SaveKingKong
#BeWater
#BeWaterMyFriend
#BoycottBeijing2022
#Chinazi2022
#BoycottChina
#ResistBeijing
#AntiCCP
#XinnieThePooh
#BoycottTencent
#BoycottHuawei
#BoycottQQ
#BoycottBaidu
#BoycottWechat
#XinnieThePooh
#MeiForHK
#FreeKingKong
#D7777
#Chinazi
#QuitTikTok
#BoycottMulan
#BoycottBlizzard
#BandinChina
#CommunistNBA";;;;;;;;;;;;;;;;;;;;;;
02/01/2020;Australia;environment;Fires in Australia;The government of New South Wales, Australia, declares a state of emergency whilst the government of Victoria, Australia declares a state of disaster amid large bushfires that have killed as many as 500 million animals;"#australianbushfires
#fires
#nswbushfires
#koala
#smoke
#climateemergency
#prayforaustralia
#nswrfs
#australiabushfires
#australiafires
#drought
#totalfireban
#globalwarming
#watchandact
#ses
#rfs
#newsouthwales";;;;;;;;;;;;;;;;;;;;;;
03/01/2020;Iraq;violence & war;Persian Gulf crisis;A U.S. drone strike at Baghdad International Airport kills Iranian general Qasem Soleimani and Iraqi paramilitary leader Abu Mahdi al-Muhandis;"#war
#tehran
#qasem
#qasemsoleimani
#freeiran
#qanon
#khamenei
#news
#wwiii
#foreignpolicy
#eeuu
#worldwar
#democrats
#irak
#meme
#soleimani";;;;;;;;;;;;;;;;;;;;;;
04/01/2020;;;;;;;;;;;;;;;;;;;;;;;;;;;
05/01/2020;Libyan;;Libyan Civil War;Turkish President Recep Tayyip Erdoğan announces that Turkish troops will be deployed to Libya on behalf of the United Nations-backed Government of National Accord.[11];;;;;;;;;;;;;;;;;;;;;;;
06/01/2020;;;;;;;;;;;;;;;;;;;;;;;;;;;
07/01/2020;Iran;violence & war;Persian Gulf crisis;56 people are reported killed and over 200 injured in a crush at the funeral of general Qasem Soleimani in the city of Kerman, Iran.;;;;;;;;;;;;;;;;;;;;;;;
08/01/2020;Iraq;violence & war;Persian Gulf crisis;Iran launches ballistic missiles at two Iraqi military bases hosting American soldiers, injuring multiple personnel;;;;;;;;;;;;;;;;;;;;;;;
08/01/2020;Iran;violence & war;Persian Gulf crisis;Ukraine International Airlines Flight 752 is shot down by Iran's armed forces shortly after takeoff from Tehran Imam Khomeini Airport, killing all 176 people on board.;Airlines Flight 752;;;;;;;;;;;;;;;;;;;;;;
09/01/2020;Global;science & technology;Space;A rare, circumbinary planet called TOI 1338-b is discovered.;#toi1338b;;;;;;;;;;;;;;;;;;;;;;
09/01/2020;Nigeria;violence & war;Daesh;ISIL militants assault a Nigerien military base at Chinagodrar, killing at least 89 Nigerien soldiers.;"#extremism
#islam
#messiahfoundationinternational
#islamism
#mehdifoundation
#saudiarabia
#islamicstate
#wahhabism
#wahhabi
#fanaticism
#iamauniversalsufi
#radicalislam
#lordrariaz
#charliehebdorally";;;;;;;;;;;;;;;;;;;;;;
10/01/2020;Oman;politics & economy;Obituary;The Sultan of Oman, Qaboos bin Said, dies aged 79. Haitham bin Tariq is sworn in as his successor.;#qaboos;;;;;;;;;;;;;;;;;;;;;;
11/01/2020;;;;;;;;;;;;;;;;;;;;;;;;;;;
12/01/2020;Philippines;environment;Volcano eruption;Taal Volcano in Luzon erupts forcing evacuation and disrupts air traffic.;#taalvolcano #taal #luzon;;;;;;;;;;;;;;;;;;;;;;
13/01/2020;;;;;;;;;;;;;;;;;;;;;;;;;;;
14/01/2020;;;;;;;;;;;;;;;;;;;;;;;;;;;
15/01/2020;;;;;;;;;;;;;;;;;;;;;;;;;;;
16/01/2020;USA;politics & economy;Trump;The impeachment trial of the President of the United States, Donald Trump, begins in the U.S. Senate.;;;;;;;;;;;;;;;;;;;;;;;
17/01/2020;;;;;;;;;;;;;;;;;;;;;;;;;;;
18/01/2020;Yemen;violence & war;Yemeni Civil War;111 Yemeni soldiers and 5 civilians are killed in a drone and missile attack on a military camp near Ma'rib.;"#yemencrisis
#palestine
#bahrain
#yemen
#yemencivilwar
#yemenwar";;;;;;;;;;;;;;;;;;;;;;
19/01/2020;;;;;;;;;;;;;;;;;;;;;;;;;;;
20/01/2020;;;;;;;;;;;;;;;;;;;;;;;;;;;
21/01/2020;;;;;;;;;;;;;;;;;;;;;;;;;;;
22/01/2020;;;;;;;;;;;;;;;;;;;;;;;;;;;
23/01/2020;;;;;;;;;;;;;;;;;;;;;;;;;;;
24/01/2020;;;;;;;;;;;;;;;;;;;;;;;;;;;
25/01/2020;;;;;;;;;;;;;;;;;;;;;;;;;;;
26/01/2020;;;;;;;;;;;;;;;;;;;;;;;;;;;
27/01/2020;;;;;;;;;;;;;;;;;;;;;;;;;;;
28/01/2020;USA;politics & economy;Israeli–Palestinian conflict;President of the United States Donald Trump and Prime Minister of Israel Benjamin Netanyahu announce the Trump peace plan.;"#palestinewillbefree
#peacepalestine
#palestinalibre
#librepalestina
#palestineforever
#alquds
#alqudscapitalofpalestine
#jesuispalestine
#savegaza
#freegaza
#savepalestine
#freepalestine
#withpalestine";;;;;;;;;;;;;;;;;;;;;;
29/01/2020;USA;politics & economy;North American trade agreement;U.S. President Donald Trump signs the United States–Mexico–Canada Agreement, the North American trade agreement replacing NAFTA.;;;;;;;;;;;;;;;;;;;;;;;
30/01/2020;Global;health;COVID;The World Health Organization (WHO) declares the outbreak of the disease as a Public Health Emergency of International Concern, the sixth time that this measure has been invoked since 2009;;;;;;;;;;;;;;;;;;;;;;;
31/01/2020;United Kingdom;politics & economy;Brexit;The United Kingdom and Gibraltar formally withdraw from the European Union at 11PM (GMT), beginning an 11-month transition period.;"#brexitmemes
#gcse
#peoplesvote
#revokearticle
#stopbrexit
#brexitday
#jeremycorbyn";;;;;;;;;;;;;;;;;;;;;;
01/02/2020;;;;;;;;;;;;;;;;;;;;;;;;;;;
02/02/2020;;;;;;;;;;;;;;;;;;;;;;;;;;;
03/02/2020;;;;;;;;;;;;;;;;;;;;;;;;;;;
04/02/2020;;;;;;;;;;;;;;;;;;;;;;;;;;;
05/02/2020;USA;politics & economy;Trump;The U.S. Senate acquits U.S. president Donald Trump on articles of impeachment.;"#impeachment
#trump
#maga
#impeachtrump
#impeach
#donaldtrump
#o
#politics
#democrats
#resist
#kag
#dumptrump
#republican
#vote
#wwg
#notmypresident
#election
#trumpmemes
#makeamericagreatagain
#wga
#qanon
#conservative
#liarinchief
#bhfyp";;;;;;;;;;;;;;;;;;;;;;
06/02/2020;;;;;;;;;;;;;;;;;;;;;;;;;;;
07/02/2020;;;;;;;;;;;;;;;;;;;;;;;;;;;
08/02/2020;;;;;;;;;;;;;;;;;;;;;;;;;;;
09/02/2020;;;;;;;;;;;;;;;;;;;;;;;;;;;
10/02/2020;;;;;;;;;;;;;;;;;;;;;;;;;;;
11/02/2020;Global;health;COVID;The World Health Organization (WHO) names the disease COVID-19.;"#Coronavirusmexico
#covid2019
#coronavirususa
#covid_19uk
#covid-19uk
#Briefing_COVID19
#coronaapocolypse
#coronavirusbrazil
#marchapelocorona
#coronavirusbrasil
#coronaday
#coronafest
#coronavirusu
#covid2019pt
#COVID19PT
#caronavirususa
#covid19india
#caronavirusindia
#caronavirusoutbreak
#caronavirus
carona virus
#2019nCoV
2019nCoV
#codvid_19
#codvid19
#conronaviruspandemic
#corona
corona
corona vairus
corona virus
#coronadeutschland
#Coronaferien
#coronaflu
#coronaoutbreak
#coronapandemic
#Coronapanik
#coronapocalypse
#CoronaSchlager
#coronavid19
#coronavid19
#Coronavirus
Coronavirus
#coronavirusargentina
#coronavirusbrasil
#CoronaVirusCanada
#coronaviruschile
#coronaviruscolombia
#CoronaVirusDE
#coronavirusecuador
#CoronavirusEnColombia
#coronavirusespana
CoronavirusFR
#CoronavirusFR
#coronavirusIndonesia
#Coronavirusireland
#CoronaVirusIreland
#coronavirusmadrid
#coronavirusmexico
#coronavirusnobrasil
#coronavirusnyc
#coronavirusoutbreak
#coronavirusoutbreak
#coronaviruspandemic
#coronavirusperu
#coronaviruspuertorico
#coronavirusrd
#coronavirustruth
#coronavirusuk
coronavirusupdate
#coronavirusupdates
#coronavirusuruguay
coronga virus
corongavirus
#Corvid19virus
#covd19
#covid
covid
#covid
covid
covid 19
#covid_19
#covid_19
Covid_19
#COVID_19uk
#covid19
Covid19
Covid19_DE
#covid19Canada
Covid19DE
Covid19Deutschland
#covid19espana
#covid19france
#covid19Indonesia
#covid19ireland
#covid19uk
#covid19usa
#covid2019
#ForcaCoronaVirus
#infocoronavirus
#kamitidaktakutviruscorona
#nCoV
nCoV
#ncov2019
nCoV2019
NeuerCoronavirus
#NeuerCoronavirus
Nouveau coronavirus
#NouveauCoronavirus
novel coronavirus
#NovelCorona
novelcoronavirus
#novelcoronavirus
#NovelCoronavirus
#NuovoCoronavirus
#ohiocoronavirus
#PánicoPorCoranovirus
#SARSCoV2
#SARSCoV2
the coronas
#thecoronas
#trumpdemic
Virus Corona
#viruscorona
فيروس كورونا
#فيروس_كورونا
#كورونا
#كورونا_الجديد
#कोरोना
कोरोना
कोरोना वायरस
#कोरोना_वायरस
코로나
#코로나
#코로나19
코로나바이러스
#코로나바이러스
コロナ
#コロナ
#コロナウイルス
加油武汉
#加油武汉
#新冠病毒
新冠病毒
#新冠肺炎
新冠肺炎
#新型コロナウイルス
#新型冠状病毒
新型冠状病毒
武汉加油
#武汉加油
#武汉疫情
#武汉肺炎
武汉肺炎
#武漢肺炎
武漢肺炎
疫情
#疫情
#CoronaAlert
#coronavirusUP
#coronavirustelangana
#coronaviruskerala
#coronavirusmumbai
#coronavirusdelhi
#coronavirusmaharashtra
#coronavirusinindia
वूहान
#covid_19ind
#covid19india
coronavirus india
#coronavirusindia
#कोविड_19
#कोविड-१९
#कोरोनावायरस
#bayarealockdown
#stayathomechallenge
#stayhomechallenge
#quarantinelife
#dontbeaspreader
#stayhomechallenge
#howtokeeppeoplehome
#togetherathome
alcool em gel
alcool gel
#alcoolemgel
#alcoolgel
#avoidcrowds
bares cerrados
bares fechados
bars closed
#canceleverything
#CerradMadridYa
clases anuladas
#CLOSENYCPUBLICSCHOOLS
#confinementtotal
#CONVID19
#CoronavirusESP
cuarentena
#cuarentena
#CuarentenaCoronavirus
#cuarentenaYA
dont touch ur face
dont touch your face
#DontBeASpreader
#donttouchyourface
escolas fechadas
escolas fechando
escolas sem aula
escolas sem aulas
#euficoemcasa
evitar el contagio
#ficaemcasa
flatten the curve
flattening the curve
#flatteningthecurve
#flattenthecurve
#FrenaLaCurva
Hand sanitizer
#Handsanitizer
#HoldTheVirus
lava tu manos
#lavatumanos
lave as mãos
#laveasmaos
#lockdown
lockdown
#pandemic
pandemic
#panicbuying
#panickbuing
quarantaine
#quarantine
quarantine
#QuarantineAndChill
quarantined
quarentena
#quarentena
#quarentine
#quarentined
quarentined
#quarentinelife
#quedateencasa
#remotework
#remoteworking
restaurantes cerrados
restaurantes fechados
restaurants closed
#selfisolating
#SiMeContagioYo
social distancing
#socialdistance
#socialdistancing
#socialdistancingnow
#socialdistnacing
#stayathome
#stayathome
#stayhome
#stayhome
#stayhomechallenge
#stayhomesavelives
#StayTheFHome
#StayTheFuckHome
#suspendanlasclases
teletrabajo
#teletrabajo
#ToiletPaperApocalypse
#toiletpaperpanic
trabajadores a la calle
trabajar desde casa
#trabajardesdecasa
trabalhando de casa
trabalhar de casa
wash ur hands
wash your hands
#washurhands
#washyourhands
#WashYourHandsAgain
#wfh
work from home
#workfromhome
working from home
#workingfromhome
#yomequedoencasa
#2019_ncov
#21dayslockdown
#5baje5minute
#9minute9baje
#9minutesforindia
#9बजे9मिनट
#AislamientoObligatorio
#aksiberantasCovid19
#AlertaCOVID19SV
#ampliarlacuarentenaes
#auxilioemergencial
#BersamaMelawanCorona
#bersatulawancovid19
#bloqueioderuas
#Bogotaencasa
#bolsonarogenocida
#BreakCorona
#cadeostestes
#californialockdown
#californiaquarantine
#californiashutdown
#calockdown
#capitaocorona
#CegahTangkalCorona
#chegadequarentena
#clapforourcarers
#ClubQuarantine
#CoronaChainScare
#CoronaCitizenResponsibility
#CoronaCrises
#coronacrises
#CoronaCrisis
#coronafreepakistan
#CoronaInPakistan
#coronakrise
#coronalockdown
#coronanasperiferias
#coronapandemie
#coronapandemie
#CoronaStopKaroNa
#coronaupdate
#coronaupdatesindia
#CoronaVillains
#coronaviru
#CoronavirusBillUK
#CoronaVirusFromMinorChastisement
#coronavirusinsa
#coronavirusitalia
#coronavirusitaly
#coronaviruslombardia
#coronavirusoubreak
#coronavirusplantao
#CoronavirusPlantao
#CoronaVirusSA
#CoronavirusSchweiz
#coronavirussouthafrica
#CoronavirusSuisse
#CoronavirusSwitzerland
#coronavoucher
#coronawarriors
#coronawarriors
#coronazeit
#coronovirus
#coronvirus
#corronavirus
#Covid19_CH
#covid19brasil
#Covid19CH
#covid19ecuador
#Covid19InSA
#COVID19italia
#covid19out
#Covid19Schweiz
#covid19southafrica
#covidactnow
#covideos
#covididiots
#covidiots
#covidsafe
#CuarentenaHastaJunioEs
#CuarentenaInformando
#cuarentenametadata
#cubaporlasalud
#cubasalvavidas
#CubriendoElCoronavirus
#CurfewInIndia
#CurfewInIndia
#CuronaVairus
#curonavirus
#depoisdaquarentenaeu
#dirumahaja
#disciplinaparavolver
#disiplincegahcorona
#ecuadorencrisis
#ecuadorenemergencia
#eunaquarentena
#FightCoronaWithJokowi
#fiqueemcasa
#FlexibilizarElAislamientoEs
#frontline_warriors_intern
#frontlineheroes
#frontlineworkers
#frontlineworkersappreciation
#GerakanSocialDistancing
#homeschool
#homeschooling
#HomeTasking
#hydroxychloroquine
#indiafightcorona
#indiaprotectdoctors
#indonesialawancorona
#indonesialawancovid19
#JagaDiriJagaJarak
#JanataCurfewMarch22
#JantaCurfewChallenge
#KanikaCoronaRow
#KanikaKaCoronaCrime
#koronaindonesia
#koronavirusIndonesia
#LaPrevenciónEstáEnTusManos
#LawanCorona
#LawanCoronaBersama
#lawancovid19
#LawanCovid19
#LetsDefeatCOVID19Together
#Lockdowhustle
#lockdown21
#LockdownEnd
#LockdownNow
#lockdowntillmay3
#losangeleslockdown
#mascaras
#mascarasalva
#mascarilla
#mascarillas
#mascarillassolidarias
#masks4all
#maskuplagos
#micasaesmiplaza
#michiganshutdown
#ModiKiBaatMano    
#mp927
#mpdafome
#mpdamorte
#mpdobolsonaro
#mumbailockdown
#n95
#NeuerCoronavirusSchweiz
#NoAlAislamientoInteligente
#NotDying4WallStreet
#notessential
#obrasilnaopodeparar
#OBrasilnaoVaiParar
#obrasilvaiparar
#OneTeamFromHome
#onlineclasses
#ParemosElVirus
#PMCares
#PPE
#ppeshortage
#pralernaquarentena
#PrioridadDineroOSalud
#QuarantineMoneyMakingIdeas
#quaratinelife
#quarentenabrasil
#quarentenaLGBTQ
#quarentenou
#quaretenabrasil
#QuaronaVirus
#ReceitasDaQuarentena
#remdesivir
#SCNaoQuerMorrer
#selfemployedmattertoo
#SendUsBackHome
#ShamblesStayAtHome
#sideeffectsofquarantinelife
#Social_Distancing
#sosecuador
#spcontraocoronavirus
#SRKDonatesForCovid
#stayathomeorder
#StayAtHomeReadABook
#StayAtHomeSaveLives
#stayhomestaysafe
#suspendonlineclasses
#taxarfortunassalvarvidas
#TaxarFortunasSalvarVidas
#TaxarFortunasSalvarVidas
#testesmasivosja
#testesmassivosja
#ThaliBajao
#thankyouwarriors
#UKCoronavirusBill
#uklockdown
#UNExigimosGarantiasLaborales
#unidosvenceremos
#UNSuspendanClasesOParamos
#unsuspendanclasesya
#UNSuspendanlasClasesOParamos
#usemascara
#vaipassar
#vegasshutdown
#viviremosyvenceremos
#VivirEnCuarentenaEs
#WarAgainstVirus
#waragainstvirus
#wearamask
#WhenCoronaVirusIsOver
#WhoPaysForCovid
#WorkingFromHomeLife
#workingfromhometips
#अंधेर_नगरी_चौपट_राजा
#मोदीजी_हम_दीप_नहीं_जलाएंगे
#ウイルス付着
#うちで過ごそう
#おうち時間
#コロナに負けるな
#コロリンピック
#ステイホーム
#ソーシャルディスタンス
#ロックダウン
#外出禁止
#外出自粛
#新しい生活様式
#東京コロリンピック
#特別定額給付金
#緊急事態宣言
aula online
auxilio emergencial
Bloody Diwali
bloqueio de ruas
bloqueio de vias
bloqueio em vias
bloqueou as ruas
coron virus
corona voucher
coronaa virus
coronga vairus
corono virus
coronovirus
corrona virus
Curona Vairus
curona virus
Diwali In April
Ecoronavirusescuador
en primera linea
essencial service
essencial services
essential service
essential services
face shield
face shields
Frontline
hand sanitisers
health worker
health workers
homeschooling
hydroxychloroquine
India for 21
India Hum Honge Kamyab
linha de frente
mascara
mascarilla
mascarillas
mascarillas desechables
n95 mask
no mask
personal protective equipment
PPE
primera línea de la salud
quarentenou
Quarona Virus
remdesivir
servicio esencial
servicios esenciales
serviços essenciais
Shankh
trabajador sanitario
Trabajadora sanitaria
trabajadores de la salud
trabalhador essencial
trabalhadores essenciais
ウイルス付着
コロナウィルス
コロリンピック
ソーシャルディスタンス
ロックダウン
外出禁止
外出自粛
定額給付金
新しい生活様式
緊急事態宣言
#LockdownLife
#LockdownExtended
#lockdowneffect
#mortonaocompra
#isolamentoparcial
isolamento parcial
#lockdownparcial
#mortonaovota
passaportes de imunidade
imunidade de rebanho
#UnitedAgainstCoronavirus
#CovidISSNAF
testes em humanos
human trials
gripezinha
the vi";;;;;;;;;;;;;;;;;;;;;;
12/02/2020;;;;;;;;;;;;;;;;;;;;;;;;;;;
13/02/2020;USA;science & technology;Space;NASA publishes a detailed study of Arrokoth, the most distant body ever explored by a spacecraft, which New Horizons passed by on its journey through the Kuiper belt.;"#arrokoth
#nasa
#newhorizons";;;;;;;;;;;;;;;;;;;;;;
14/02/2020;;;;;;;;;;;;;;;;;;;;;;;;;;;
15/02/2020;;;;;;;;;;;;;;;;;;;;;;;;;;;
16/02/2020;;;;;;;;;;;;;;;;;;;;;;;;;;;
17/02/2020;;;;;;;;;;;;;;;;;;;;;;;;;;;
18/02/2020;;;;;;;;;;;;;;;;;;;;;;;;;;;
19/02/2020;;;;;;;;;;;;;;;;;;;;;;;;;;;
20/02/2020;;;;;;;;;;;;;;;;;;;;;;;;;;;
21/02/2020;;;;;;;;;;;;;;;;;;;;;;;;;;;
22/02/2020;;;;;;;;;;;;;;;;;;;;;;;;;;;
23/02/2020;;;;;;;;;;;;;;;;;;;;;;;;;;;
24/02/2020;;;;;;;;;;;;;;;;;;;;;;;;;;;
25/02/2020;;;;;;;;;;;;;;;;;;;;;;;;;;;
26/02/2020;;;;;;;;;;;;;;;;;;;;;;;;;;;
27/02/2020;USA;politics & economy;Stock market crush;The Dow Jones Industrial Average (DIJA) plunges by 1,190.95 points, or 4.4%, to close at 25,766.64, its largest one-day points decline at the time. This follows several days of large falls, marking the worst week for the index since 2008, triggered by fears of the spreading COVID-19 coronavirus.;;;;;;;;;;;;;;;;;;;;;;;
28/02/2020;Global;violence & war;Syria civil war;NATO;"#syriancivilwar
#syria
#war
#syrianwar
#refugees
#basharalassad
#aleppo
#military
#dictator#bombs
#syrian
#bashar
#dictatorship
#aleppoprovince
#shelling
#maysun
#maysunphoto
#stringer
#bhfyp";;;;;;;;;;;;;;;;;;;;;;
29/02/2020;Luxembourg;mobility&borders;Luxembourg public transport;Luxembourg becomes the first country in the world to make all public transport in the country (buses, trams, and trains) free to use;;;;;;;;;;;;;;;;;;;;;;;
29/02/2020;Qatar;violence & war;Afghanistan war;A conditional peace agreement is signed between the United States and the Taliban in Doha, Qatar.[41] The U.S. begins gradually withdrawing troops from Afghanistan on March 10.;;;;;;;;;;;;;;;;;;;;;;;
01/03/2020;;;;;;;;;;;;;;;;;;;;;;;;;;;
02/03/2020;;;;;;;;;;;;;;;;;;;;;;;;;;;
03/03/2020;;;;;;;;;;;;;;;;;;;;;;;;;;;
04/03/2020;;;;;;;;;;;;;;;;;;;;;;;;;;;
05/03/2020;Netherlands;violence & war;Afghanistan War;The International Criminal Court authorizes the Afghanistan War Crimes inquiry to proceed, allowing for the first time for U.S. citizens to be investigated.;;;;;;;;;;;;;;;;;;;;;;;
06/03/2020;;;;;;;;;;;;;;;;;;;;;;;;;;;
07/03/2020;;;;;;;;;;;;;;;;;;;;;;;;;;;
08/03/2020;Italy;mobility&borders;COVID;Italy places 16 million people in quarantine, more than a quarter of its population, in a bid to stop the spread of COVID-19;;;;;;;;;;;;;;;;;;;;;;;
09/03/2020;Italy;mobility&borders;COVID;The quarantine is expanded to cover the entire country, becoming the first country to apply this measure nationwide.;;;;;;;;;;;;;;;;;;;;;;;
10/03/2020;Global;politics & economy;COVID;International share prices fall sharply in response to a Russo-Saudi oil price war and the impact of COVID-19. The Dow Jones Industrial Average (DJIA) plunges more than 2,000 points, the largest fall in its history up to that point.[46] Oil prices also plunge by as much as 30% in early trading, the biggest fall since 1991.;;;;;;;;;;;;;;;;;;;;;;;
11/03/2020;Global;health;COVID;The World Health Organization declares the COVID-19 outbreak a pandemic.;;;;;;;;;;;;;;;;;;;;;;;
12/03/2020;USA;health;COVID;USA bans to travel to the Schengen Area;;;;;;;;;;;;;;;;;;;;;;;
12/03/2020;Global;politics & economy;COVID;Global stock markets crash due to continued concerns over COVID-19 and the U.S. travel ban on the Schengen Area. The Dow Jones Industrial Average goes into free fall, closing at over −2,300 points, the worst losses for the index since 1987.;;;;;;;;;;;;;;;;;;;;;;;
13/03/2020;Nepal;mobility&borders;COVID;The government of Nepal announces that Mount Everest will be closed to climbers and the public for the rest of the season due to concerns from the COVID-19 pandemic in Asia.;;;;;;;;;;;;;;;;;;;;;;;
14/03/2020;Spain;mobility&borders;COVID;Spain goes into lockdown;;;;;;;;;;;;;;;;;;;;;;;
15/03/2020;;;;;;;;;;;;;;;;;;;;;;;;;;;
16/03/2020;Global;politics & economy;COVID;The Dow Jones Industrial Average falls by 2,997.10, the single largest point drop in history and the second-largest percentage drop ever at 12.93 percent, an even greater crash than Black Monday (1929). This follows the U.S. Federal Reserve announcing that it will cut its target interest rate to 0–0.25%.;;;;;;;;;;;;;;;;;;;;;;;
17/03/2020;Global;culture;COVID;The Euro 2020 and 2020 Copa América association football tournaments are postponed until the summer of 2021 by UEFA and CONMEBOL respectively.;"#eurocup
#EURO2020
#NationsLeague
#EuropeanQualifiers
#copaamerica
#conmebol
#copaAmérica
#uefa";;;;;;;;;;;;;;;;;;;;;;
17/03/2020;Europe;mobility&borders;COVID;European leaders close the EU's external and Schengen borders for at least 30 days in an effort to curb the COVID-19 pandemic.;;;;;;;;;;;;;;;;;;;;;;;
17/03/2020;Philippines;mobility&borders;COVID;The island of Luzon, the largest island of the Philippines, is placed under the enhanced community quarantine due to the coronavirus pandemic in the country as announced by President Rodrigo Duterte.;;;;;;;;;;;;;;;;;;;;;;;
18/03/2020;Europe;culture;COVID;The European Broadcasting Union announces that the Eurovision Song Contest 2020 will be cancelled due to COVID-19 in Europe, the first cancellation in the contest's 64-year history.;"#eurovision
#esc
#eurovisionsongcontest";;;;;;;;;;;;;;;;;;;;;;
19/03/2020;;;;;;;;;;;;;;;;;;;;;;;;;;;
20/03/2020;Global;health;COVID;The worldwide death toll from COVID-19 surpasses 10,000 as the total number of cases reaches a quarter of a million.;;;;;;;;;;;;;;;;;;;;;;;
21/03/2020;;;;;;;;;;;;;;;;;;;;;;;;;;;
22/03/2020;;;;;;;;;;;;;;;;;;;;;;;;;;;
23/03/2020;Global;health;COVID;By now ten nations have joined the Solidarity trial, a WHO-sponsored group dedicated to finding a cure against COVID-19. Four European countries (Switzerland, France, Norway and Spain), two American countries (Argentina and Canada), three Asian countries (Iran, Thailand, Bahrain) and South Africa are leading efforts to finding a cure.;;;;;;;;;;;;;;;;;;;;;;;
24/03/2020;Japan;culture;COVID;The International Olympic Committee and Japan suspend the 2020 Summer Olympics until 2021;"#olympics
#olympicgames
#olympic
#winterolympics
#roadtotokyo";;;;;;;;;;;;;;;;;;;;;;
24/03/2020;China;health;COVID;"Chinese Premier Li Keqiang reports that the domestically transmitted epidemic was ""basically blocked"" and the domestic outbreak was now controlled.";;;;;;;;;;;;;;;;;;;;;;;
24/03/2020;India;mobility&borders;COVID;India goes into lockdown to contain COVID-19.;;;;;;;;;;;;;;;;;;;;;;;
24/03/2020;Global;mobility&borders;COVID;The total number of people in the world facing some form of pandemic-related movement restriction now exceeds 2.6 billion, a third of the global population;;;;;;;;;;;;;;;;;;;;;;;
24/03/2020;United Kingdom;mobility&borders;COVID;The United Kingdom goes into lockdown to contain COVID-19.;;;;;;;;;;;;;;;;;;;;;;;
25/03/2020;;;;;;;;;;;;;;;;;;;;;;;;;;;
26/03/2020;Global;health;COVID;Global COVID-19 cases reach 500,000, with nearly 23,000 deaths confirmed.[67] The United States surpasses China and Italy in total number of known COVID-19 cases, with at least 81,321 cases and more than 1,000 deaths.;;;;;;;;;;;;;;;;;;;;;;;
26/03/2020;Philippines;violence & war;Philippines conflict;Militants in the Philippines agree to U.N. Secretary-General António Guterres' call for a ceasefire;;;;;;;;;;;;;;;;;;;;;;;
27/03/2020;North Macedonia;politics & economy;NATO;North Macedonia becomes the 30th country to join NATO;;;;;;;;;;;;;;;;;;;;;;;
27/03/2020;Syria;violence & war;Syria civil war;Militants in Syria agree to U.N. Secretary-General António Guterres' call for a ceasefire;;;;;;;;;;;;;;;;;;;;;;;
28/03/2020;China;mobility&borders;COVID;China temporarily suspends entry for foreign nationals with visas or residence permits;;;;;;;;;;;;;;;;;;;;;;;
28/03/2020;Yemen;violence & war;Yemeni civil war;Militants in Yemen agree to U.N. Secretary-General António Guterres' call for a ceasefire;;;;;;;;;;;;;;;;;;;;;;;
29/03/2020;Libya;violence & war;Libyan Civil War;Militants in Libya agree to U.N. Secretary-General António Guterres' call for a ceasefire;;;;;;;;;;;;;;;;;;;;;;;
29/03/2020;;;;;;;;;;;;;;;;;;;;;;;;;;;
30/03/2020;Japan;culture;COVID;The Summer Olympics are rescheduled for July 23 to August 8;;;;;;;;;;;;;;;;;;;;;;;
30/03/2020;Russia;politics & economy;Russia-Saudi Arabia oil price war;The price of Brent Crude falls 9% to $23 per barrel, the lowest level since November 2002.;;;;;;;;;;;;;;;;;;;;;;;
30/03/2020;China;social issues;;A passenger train derails near Chenzhou, China, killing one person and leaving 127 people injured;;;;;;;;;;;;;;;;;;;;;;;
31/03/2020;;;;;;;;;;;;;;;;;;;;;;;;;;;
01/04/2020;China;health;COVID;China reports 130 asymptomatic cases of COVID-19, its first reported asymptomatic cases;;;;;;;;;;;;;;;;;;;;;;;
02/04/2020;Yemen;violence & war;Yemen civil war;Yemen's internationally recognised government releases more than 470 prisoners from detention facilities in areas under its control amid growing concerns the virus could spread in Yemen's overcrowded jails. The United Nations Human Rights Council has called for the release of all political prisoners.;;;;;;;;;;;;;;;;;;;;;;;
03/04/2020;;;;;;;;;;;;;;;;;;;;;;;;;;;
04/04/2020;Turkey;social issues;Kurdistan Riots;Turkey deploys the Gendarmerie General Command to the eastern city of Batman after a riot erupts inside the city's Type-M prison. The riot comes after the Turkish parliament approved the release of 100,000 inmates due to COVID-19, but excluded journalists and political prisoners, many of whom are Kurds.;"#TurkeyIsBombingKurds
#KurdishResistance
#TurkeyInvadesKurdistan";;;;;;;;;;;;;;;;;;;;;;
05/04/2020;USA;health;COVID;"The first case of COVID-19 in a zoo animal is reported; a four-year-old female Malayan tiger at the Bronx Zoo in New York City.";;;;;;;;;;;;;;;;;;;;;;;
05/04/2020;Morocco;social issues;COVID;King Mohammed VI of Morocco pardons 5,654 prisoners and orders new measures to protect inmates from COVID-19. The prisoners were selected on the basis of their age, frail health, time spent in prison and good conduct.;;;;;;;;;;;;;;;;;;;;;;;
05/04/2020;UK;social issues;COVID;"YouTube says it will remove videos promoting a conspiracy theory linking 5G to COVID-19, while ""borderline content"" will be removed from search results. The decision comes after four more mobile phone masts are set on fire, and broadband engineers have received threats, in several UK cities.";"#5G
#5gtowers
#covid1984
#conspiracytheory";;;;;;;;;;;;;;;;;;;;;;
06/04/2020;USA;social issues;Antifa movement;In an unprecedented move, the Trump administration designates a white supremacist group, based in Russia, as a terrorist organization, and imposes individual sanctions on its leaders. The organization, the Russian Imperial Movement, is believed to have trained the perpetrators of a series of terrorist attacks in Gothenburg, Sweden, in 2016;;;;;;;;;;;;;;;;;;;;;;;
07/04/2020;Japan;politics & economy;COVID;Japan declares a state of emergency in response to COVID-19, and finalises a stimulus package worth 108 trillion yen (US$990 billion), equal to 20% of the country's GDP.;;;;;;;;;;;;;;;;;;;;;;;
08/04/2020;China;mobility&borders;COVID;China ends the lockdown in Wuhan, the original epicenter of the coronavirus outbreak, with people allowed to leave the city for the first time in 76 days;;;;;;;;;;;;;;;;;;;;;;;
08/04/2020;Yemen;violence & war;Yemen civil war;The Saudi Arabian-led coalition declares a unilateral ceasefire in its military action against Houthi forces in Yemen. The ceasefire, which supports UN efforts to end the five-year-old war, will be effective Thursday.;#houthi;;;;;;;;;;;;;;;;;;;;;;
09/04/2020;Russia;politics & economy;Oil market;"OPEC+ holds an emergency meeting to try to agree on output cuts due to decreased demand for oil due to the coronavirus pandemic. Russia says it has ""no plans to discuss oil markets with the leadership of Saudi Arabia or the U.S. on Thursday""";;;;;;;;;;;;;;;;;;;;;;;
10/04/2020;Democratic Republic of Congo;health;Kivu Ebola epidemic;In a major setback for efforts to declare the end of the outbreak on Sunday, the Democratic Republic of the Congo reports the first case of Ebola since February. The outbreak has killed more than 2,200 people since August 2018;"#ebola
#ebolavirus
#ecoli";;;;;;;;;;;;;;;;;;;;;;
10/04/2020;Global;health;COVID;The death toll from COVID-19 exceeds 100,000 globally, a ten-fold increase from March 20.;;;;;;;;;;;;;;;;;;;;;;;
10/04/2020;Europe;politics & economy;COVID;EU finance ministers agree on a €540 billion loan package to alleviate the economic fallout of the coronavirus pandemic.;;;;;;;;;;;;;;;;;;;;;;;
10/04/2020;Global;science & technology;Space;The European Space Agency/JAXA space probe BepiColombo makes its final gravity assist around Earth, and is now on course for Venus, where it will make several gravity assist manoeuvres before finally arriving at Mercury in 2025.;"#BepiColombo
#BepiColomboEarthFlyby";;;;;;;;;;;;;;;;;;;;;;
11/04/2020;;;;;;;;;;;;;;;;;;;;;;;;;;;
12/04/2020;Global;politics & economy;Oil market;OPEC and allies strike a deal to cut oil production by 9.7 million barrels per day, the largest such cut agreed upon, starting May 1;;;;;;;;;;;;;;;;;;;;;;;
12/04/2020;Vatican;religion;Pope Francis livestreams cult;Pope Francis livestreames the Urbi et Orbi blessing for the second time in just a month. Usually given on Christmas and Easter, this year the pope also gave the blessing on March 27, during a special prayer service for the end of the coronavirus.;"#pope
#catholic
#vatican
#popefrancis
#jesus
#catholicchurch
#church
#catholicism
#christian
#vaticano
#papa
#roma
#god
#papafrancisco
#jj
#outerbanks
#obx
#johnb
#bible
#christianity
#faith
#vaticancity
#kiara
#jesuschrist
#pray
#religion
#papafrancesco
#history
#chasestokes
#madisonbailey
#netflix
#madelyncline
#romancatholic
#romancatholicchurch
#johnpaulii
#sarahcameron
#pogues
#christ
#saint
#popebenedictxvi
#outerbanksnetflix
#outerbanksedit
#josephratzinger
#catholics
#catolicos
#pape
#karolwojtyla
#benedictxvi";;;;;;;;;;;;;;;;;;;;;;
12/04/2020;Afghanistan;violence & war;Afghanistan war;A Taliban spokesman announces the release of 20 government prisoners in response to the latter's release of 300 Taliban prisoners since Wednesday;"#taliban
#isis
#alratv
#younusalgohar
#goharshahi
#afghanistan
#daesh
#isil
#alqaeda
#mehdifoundation
#saveidlib
#islamicstate
#assad
#warinafghanistan
#iranarmy
#freeafghanistan
#fuckasad
#saveafghanistan
#islam
#terrorism
#terrorist
#religion";;;;;;;;;;;;;;;;;;;;;;
13/04/2020;;;;;;;;;;;;;;;;;;;;;;;;;;;
14/04/2020;USA;politics & economy;Trump;U.S. President Donald Trump announces the United States is suspending funding of the World Health Organization (WHO) pending an investigation of its handling of the coronavirus pandemic and its relationship with China.;;;;;;;;;;;;;;;;;;;;;;;
14/04/2020;Global;politics & economy;Stock market crush;The International Monetary Fund (IMF) says it expects the world economy to shrink 3%, the worst contraction since the Great Depression of the 1930s.;;;;;;;;;;;;;;;;;;;;;;;
14/04/2020;Global;politics & economy;COVID;Airbnb secures a US$1 billion loan to stay afloat as the pandemic causes worldwide demand for its services to drop. This follows a separate bond deal, also worth US$1 billion, it negotiated last week for similar reasons;;;;;;;;;;;;;;;;;;;;;;;
14/04/2020;Turkey;social issues;COVID;Turkey will free one-third of its prisoners to curb the spread of COVID-19. At least 45,000 prisoners will be freed until the end of May, with the exception of those accused of terrorist offenses, as well as journalists and politicians accused of plotting the 2016 coup attempt.;;;;;;;;;;;;;;;;;;;;;;;
15/04/2020;France;culture;COVID;The 2020 Tour de France has been delayed until August due to the COVID-19 pandemic.;"#tourdefrance
#cycling
#tdf
#ciclismo
#bike
#giroditalia
#cyclinglife
#france
#velo
#cyclisme
#procycling
#cyclingphotos
#roadbike
#cyclist
#bikelife
#roadcycling
#sport
#bicycle
#letour
#mavic
#instacycling
#giro
#bici
#bikeporn
#girodeitalia
#vuelta
#cycle";;;;;;;;;;;;;;;;;;;;;;
15/04/2020;Global;health;COVID;The number of confirmed cases of COVID-19 passes 2 million worldwide.;;;;;;;;;;;;;;;;;;;;;;;
16/04/2020;;;;;;;;;;;;;;;;;;;;;;;;;;;
17/04/2020;China;health;COVID;China revises the COVID-19 death toll in Wuhan upward, adding 1,290 more fatalities to bring the country's reported deaths from COVID-19 to 4,632;;;;;;;;;;;;;;;;;;;;;;;
17/04/2020;Europe;health;COVID;Europe surpasses 100,000 COVID-19-related deaths.;;;;;;;;;;;;;;;;;;;;;;;
17/04/2020;China;politics & economy;China - Switzerland credit agreement;The China Securities Regulatory Commission has approved a transaction in which Switzerland's Credit Suisse will take a majority interest in a China securities firm, making Credit Suisse the first foreign bank thus far to own a majority of such a company since the easing of rules about foreign ownership in 2018.;;;;;;;;;;;;;;;;;;;;;;;
17/04/2020;Myanmar;violence & war;Myanmar human rights conflict;The United Nations human rights office says that Myanmar has been carrying out daily airstrikes in Rakhine and Chin states and that at least 32 civilians (mostly women and children) have been killed since March 23. The Arakan Army unilaterally declared a month-long ceasefire to fight the COVID-19 pandemic, but the military rejected the ceasefire saying a previous ceasefire had not been respected by the insurgents;#ArakanArmy;;;;;;;;;;;;;;;;;;;;;;
18/04/2020;Chad;violence & war;Islamic state;Forty-four suspected Boko Haram members are found dead, apparently due to poisoning, inside a prison in N'Djamena, Chad.;#BokoHaram;;;;;;;;;;;;;;;;;;;;;;
19/04/2020;Vietnam;politics & economy;Vietnam - China international relations;The Vietnamese Ministry of Foreign Affairs condemns China's decision yesterday to establish administrative districts in the disputed Paracel and Spratly Islands, saying it violates Vietnam's sovereignty;;;;;;;;;;;;;;;;;;;;;;;
19/04/2020;France;social issues;COVID;Unrest breaks out in Paris, Berlin and Vladikavkaz as people oppose lockdowns;"#Vladikavkaz 
#VilleneuveLaGarenne";;;;;;;;;;;;;;;;;;;;;;
19/04/2020;Germany;social issues;COVID;Unrest breaks out in Paris, Berlin and Vladikavkaz as people oppose lockdowns;;;;;;;;;;;;;;;;;;;;;;;
19/04/2020;Russia;social issues;COVID;Unrest breaks out in Paris, Berlin and Vladikavkaz as people oppose lockdowns;;;;;;;;;;;;;;;;;;;;;;;
19/04/2020;Canada;violence & war;Mass killing in Canada;A killing spree occurs in the small coastal town of Portapique, near Truro, Nova Scotia, Canada. At least 17 people are killed, including the perpetrator and a Royal Canadian Mounted Police officer, making it the deadliest rampage in Canadian history.;"#Portapique
#NovaScotiaShooting
#Portapique
#publicinquiry
#MassMurder
#CallItFemicide
#canfem
#NovaScotiaStrong
#NovaScotia
#Halifax
#RCMP
#JustinTrudeau
#NovaScotianLivesMatter
#guncontrol
#DarkToLight
#QAnons
#cdnpoli";;;;;;;;;;;;;;;;;;;;;;
19/04/2020;Iran;violence & war;Persian Gulf crisis;"The Iranian Revolutionary Guards announces it has increased patrols of the Persian Gulf following a confrontation between its Navy and the U.S.'s on Wednesday, and warns that ""any error in calculation on [a foreign vessel's] part will receive a decisive response"".";;;;;;;;;;;;;;;;;;;;;;;
20/04/2020;USA;politics & economy;Oil market;Oil prices reach a record low, with West Texas Intermediate falling into negative values.;;;;;;;;;;;;;;;;;;;;;;;
20/04/2020;South Korea;politics & economy;;The Industrial Bank of Korea agrees to pay US$86 million and will enter a two-year deferred prosecution agreement to settle lawsuits with the U.S. Department of Justice and the state of New York over a 2011 scheme to help transfer US$1 billion to Iran;;;;;;;;;;;;;;;;;;;;;;;
20/04/2020;Israel;politics & economy;Israeli–Palestinian conflict;Israeli Prime Minister Benjamin Netanyahu and Blue and White Alliance leader Benny Gantz agree on a deal to form a unity government, thus ending more than a year of political deadlock. As part of the deal, Netanyahu will hold onto his position for 18 more months, with Gantz replacing him afterwards;#Netanyahu;;;;;;;;;;;;;;;;;;;;;;
20/04/2020;Lesotho;politics & economy;Lesotho's Prime Minister resignation;"In a deal brokered by South African mediators, Lesotho's government says that Prime Minister Tom Thabane ""will immediately resign"", in a ""dignified and secure"" exit from power. Thabane is accused of murdering his ex-wife Lipolelo Thabane in 2017.";"#Ntate
#Thabane
#LesothoPM
#ResignThabane
#TomThabane";;;;;;;;;;;;;;;;;;;;;;
20/04/2020;North Korea;politics & economy;Kim Jong-un;Seoul-based Daily NK reports North Korean leader Kim Jong-un is recuperating from a heart procedure done earlier this month, after his disappearance from various events led to speculation about his health;"#kimjongun
#segi
#memes
#northkorea
#kekeyi
#jokowi
#dirumahaja
#bts
#deenay
#tiktok
#aniesbaswedan
#dedycorbuzier
#reemarmartin
#meme";;;;;;;;;;;;;;;;;;;;;;
21/04/2020;Lebanon;health;Legalization of cannabis;The Lebanese Parliament legalizes cannabis farming for medicinal purposes, in hopes that it will bring revenue to the country;"#cannabis
#LebaneseParliament
#MichelAoun
#cannabis
#beirut
#لبنان";;;;;;;;;;;;;;;;;;;;;;
21/04/2020;Mozambique;violence & war;Islamic State;Mozambique police say 52 male villagers were killed by Islamist militants earlier this month in the Muidumbe District, Cabo Delgado Province, after they refused to join their ranks;;;;;;;;;;;;;;;;;;;;;;;
22/04/2020;Iran;violence & war;Islamic State;"Iran's Islamic Revolutionary Guard Corps deploys the country's first military satellite, using a new satellite carrier called ""Ghased"" (""Messenger"").";;;;;;;;;;;;;;;;;;;;;;;
23/04/2020;Global;culture;fake news;"Facebook removes ""pseudoscience"" and ""conspiracy theory"" as options for targeted ads, as criticism mounts against social media for their role in spreading misinformation about the coronavirus";#pseudoscience;;;;;;;;;;;;;;;;;;;;;;
23/04/2020;Italy;politics & economy;COVID;Italian Minister of Economic Development Stefano Patuanelli announces the government will nationalize the country's main flag carrier Alitalia by June, claiming the airline will go bankrupt otherwise. This reverses earlier plans to have it fully privatized;#alitalia;;;;;;;;;;;;;;;;;;;;;;
23/04/2020;Syria;violence & war;Syria civil war;Two former high-ranking members of the Syrian Army go on trial in Koblenz, Rhineland-Palatinate, Germany, for alleged war crimes committed during the Syrian Civil War. This is the first time that Syrian military officials are being prosecuted for their roles in the conflict;"AlKhatibTrial
#Justice4Syria
#SyrianLivesMatter
#CrimesAgainstHumanity
#WarCrimes
#محاكمات
#نظام
#نظام_التعذيب
#المخابرات";;;;;;;;;;;;;;;;;;;;;;
24/04/2020;;;;;;;;;;;;;;;;;;;;;;;;;;;
25/04/2020;Global;health;COVID;The global death toll from COVID-19 exceeds 200,000;;;;;;;;;;;;;;;;;;;;;;;
25/04/2020;Yemen;violence & war;Yemen civil war;"The separatist Southern Transitional Council (STC) announces the establishment of a self-rule administration in southern Yemen. The internationally-recognized government describes this move as ""catastrophic"". STC forces are deployed in the city of Aden as emergency rule is declared.";#الانتقالي_يمثل_الجنوب;;;;;;;;;;;;;;;;;;;;;;
26/04/2020;Saudi Arabia;social issues;;King Salman issues a royal decree, declaring that people will no longer be executed for crimes they were convicted of when they were minors.;"#deathpenalty
#minors
#juvenilejustice";;;;;;;;;;;;;;;;;;;;;;
26/04/2020;Yemen;violence & war;Yemen civil war;Southern Transitional Council (STC) forces say they are in full control of all sovereign state institutions in the port city of Aden. Governors in the southern Yemeni Governorates of Hadhramaut, Abyan, Shabwah, Al Mahrah, and the island of Socotra reject the STC's claim to self-rule and declare their loyalty to President Abdrabbuh Mansur Hadi.;;;;;;;;;;;;;;;;;;;;;;;
27/04/2020;USA;health;COVID;The number of confirmed cases of COVID-19 passes 3 million worldwide, while the number of confirmed cases of COVID-19 in the United States passes 1 million;;;;;;;;;;;;;;;;;;;;;;;
27/04/2020;USA;science & technology;unidentified aerial phenomena;"The Pentagon formally releases three videos of ""unidentified aerial phenomena"" encountered by United States Navy pilots after determining the videos ""do not reveal any sensitive capabilities or systems"". The footage was previously leaked by Luis Elizondo in 2017.";"#ufo
#luiselizondo
#ovni
#ovnis
#ufos
#alien
#aliens";;;;;;;;;;;;;;;;;;;;;;
28/04/2020;Colombia;politics & economy;OECD;Colombia formalizes its membership with the Organisation for Economic Co-operation and Development (OECD), becoming the 37th nation in the organization;"#oecd
#ocde";;;;;;;;;;;;;;;;;;;;;;
28/04/2020;India;religion;;"The Indian Ministry of External Affairs condemns the United States Commission on International Religious Freedom after the Commission in its annual report recommends placing India on the ""countries of particular concern"" blacklist over the Citizenship Amendment Act, the revocation of Jammu and Kashmir's special status, and controversial comments made by Home Minister Amit Shah, among others";#KashmirBleeds;;;;;;;;;;;;;;;;;;;;;;
28/04/2020;Global;science & technology;Space;A fast radio burst is detected from the Magnetar SGR 1935+2154, the first ever detected inside the Milky Way, and the first to be linked to a known source.;#magnetar;;;;;;;;;;;;;;;;;;;;;;
28/04/2020;Lebanon;social issues;Lebanon riots ;Protests erupt in major cities across Lebanon for the second day over the country's continuing economic problems. Banks and vehicles are set on fire, and clashes between the protestors and the army in Tripoli leave around 40 soldiers wounded;#hassandiab;;;;;;;;;;;;;;;;;;;;;;
29/04/2020;;;;;;;;;;;;;;;;;;;;;;;;;;;
30/04/2020;Syria;politics & economy;Syria civil war;"Syrian businessman and Syriatel owner Rami Makhlouf makes an ""unprecedented"" public appeal to his cousin, President Bashar al-Assad, on Facebook, saying a ""cadre of officials"" are seeking to seize his assets. Makhlouf, who was a part of President al-Assad's inner circle, says he will pay the President himself but not the state";;;;;;;;;;;;;;;;;;;;;;;
30/04/2020;Bulgaria;politics & economy;Eurozone;"Bulgaria applies for ERM II (the ""waiting room"" for the Eurozone), due to join along with Croatia in July 2020.";"#erm
#ermii
#euroarea";;;;;;;;;;;;;;;;;;;;;;
30/04/2020;USA;science & technology;Space;NASA officially selects SpaceX, Blue Origin and Dynetics to build its next-generation lunar lander to carry American astronauts to the Moon by 2024;"#SpaceX
#spacexlaunch
#GPSIII
#spacex
#nasa
#space
#elonmusk
#science
#tesla
#falcon
#astronomy
#mars
#universe
#rocket
#astronaut
#iss
#moon
#earth
#cosmos
#astrophysics
#isro
#physics
#spacexlaunch
#galaxy
#blackhole
#spaceexploration
#starship
#esa
#spaceflight
#rocketlaunch
#stars
#spaceship";;;;;;;;;;;;;;;;;;;;;;
30/04/2020;Sudan;social issues;female genital mutilation;The government of Sudan criminalises female genital mutilation.;"#mutilation
#fgm
#nofgm
#EndFGM
#GenerationEquality
#16DaysOfActivism
#SFFGM";;;;;;;;;;;;;;;;;;;;;;
01/05/2020;Global;health;COVID;The total number of recovered COVID-19 patients reaches 1 million worldwide, according to data from The Johns Hopkins University;;;;;;;;;;;;;;;;;;;;;;;
02/05/2020;;;;;;;;;;;;;;;;;;;;;;;;;;;
03/05/2020;Venezuela;social issues;Venezuelan conflict;Venezuelan dissidents and an American-based private military company, Silvercorp USA, unsuccessfully attempt to infiltrate Venezuela and forcibly remove President Nicolás Maduro from office;;;;;;;;;;;;;;;;;;;;;;;
04/05/2020;Kenya;science & technology;Malaria;A team of British and Kenyan scientists announce the discovery of Microsporidia MB, a parasitic microbe in the Microsporidia fungi group that blocks mosquitos from carrying malaria, potentially paving the way for the control of malaria.;"#Microsporidia
#malaria";;;;;;;;;;;;;;;;;;;;;;
05/05/2020;Philippines;culture;;The Philippines' National Telecommunications Commission issues a cease and desist order to the broadcasting operations of ABS-CBN, the country's largest media network, as Congress fails to renew its franchise granted in March 30, 1995. The network signed off at 7:52 p.m. (PST). The last time the network was shut down was upon the declaration of martial law by the Philippine dictator Ferdinand Marcos in 1972;#ABS-CBN;;;;;;;;;;;;;;;;;;;;;;
05/05/2020;UK;health;COVID;The UK death toll from COVID-19 becomes the highest in Europe at 32,313 after exceeding the death toll of 29,029 in Italy;;;;;;;;;;;;;;;;;;;;;;;
06/05/2020;France;health;COVID;New evidence indicates that an Algerian-born French fishmonger, who had not traveled to China and did not have contact with any Chinese nationals, was treated for pneumonia from an unknown source, now identified as COVID-19, on December 27, 2019.;;;;;;;;;;;;;;;;;;;;;;;
06/05/2020;Global;science & technology;space;Astronomers announce the discovery of the first black hole located in a star system visible to the naked eye.;;;;;;;;;;;;;;;;;;;;;;;
07/05/2020;India;social issues;environmental disaster;Eleven people die and over 5,000 fall ill from a styrene gas leak from an LG Polymers chemical plant in Visakhapatnam in Andhra Pradesh, India.;#LGPolymers;;;;;;;;;;;;;;;;;;;;;;
08/05/2020;;;;;;;;;;;;;;;;;;;;;;;;;;;
09/05/2020;Tibet;violence & war;Sino-indian border;Several Chinese and Indian soldiers are injured in a cross-border clash at the Nathu La crossing. About 150 troops participated in the face-off, which involved fistfights and stone-throwing.;#nathula;;;;;;;;;;;;;;;;;;;;;;
10/05/2020;Global;health;COVID;The number of confirmed cases of COVID-19 passes 4 million worldwide.;;;;;;;;;;;;;;;;;;;;;;;
10/05/2020;China;health;COVID;Wuhan, the original epicentre of the pandemic, reports its first coronavirus cases in more than a month. An 89-year-old man is confirmed positive, but his wife and several members of the community are recorded as asymptomatic cases;;;;;;;;;;;;;;;;;;;;;;;
10/05/2020;Iran;violence & war;;The Iranian Navy frigate Jamaran accidentally strikes the Iranian support vessel Konarak with a missile, killing nineteen sailors. This is the first friendly fire incident since February 2019, when an Indian Mil Mi-17 helicopter was mistakenly shot down by Indian air defense forces.;#konarak #jamaran ;;;;;;;;;;;;;;;;;;;;;;
11/05/2020;Bulgaria;science & technology;Anthropology;The Max Planck Institute for Evolutionary Anthropology publishes the result of radiocarbon and DNA analysis from the fossils that has been found in the Bacho Kiro cave, Bulgaria. The result, showing that the fossils belong to Homo sapiens instead of Neanderthal, indicates that modern humans may have arrived in Europe thousands of years earlier than previously thought;"#dna
#neanderthal ";;;;;;;;;;;;;;;;;;;;;;
12/05/2020;Afghanistan;violence & war;Afghanistan war;Gunmen storm a maternity hospital and kill 24 people, including two newborn babies, in Dashte Barchi, a majority-Shia neighborhood of Kabul, Afghanistan. In Kuz Kunar, a suicide bomber kills at least 32 people at a funeral;"#dashtebarchi
#dashte
#barchi
#kuzkunar
#kunar";;;;;;;;;;;;;;;;;;;;;;
13/05/2020;;;;;;;;;;;;;;;;;;;;;;;;;;;
14/05/2020;Global;health;COVID;The global death toll from COVID-19 exceeds 300,000.;;;;;;;;;;;;;;;;;;;;;;;
14/05/2020;Global;health;Mental health;The UN warns of a global mental health crisis caused by isolation, fear, uncertainty and economic turmoil;;;;;;;;;;;;;;;;;;;;;;;
14/05/2020;Global;politics & economy;NATO;"NATO Secretary General Jens Stoltenberg says the military alliance is ""ready to support"" the UN-recognized Government of National Accord while Greece, a member state of NATO, strongly criticizes Stoltenberg's remarks, saying his recognition of the ""Muslim Brotherhood government"" does not reflect the positions of the military alliance";;;;;;;;;;;;;;;;;;;;;;;
15/05/2020;United Kingdom;science & technology;paleontology;Researchers announce a 2.5 cm millipede fossil belonging to the Kampecaris genus, discovered on the island of Kerrera in the Scottish Inner Hebrides, is the world's oldest-known land animal, which lived 425 million years ago in the Silurian period.;"#fossil
#kerrera";;;;;;;;;;;;;;;;;;;;;;
16/05/2020;Germany;culture;COVID;Bundesliga becomes the first major sports league to resume its season since January 27.;#bundesliga;;;;;;;;;;;;;;;;;;;;;;
16/05/2020;Rwanda;violence & war;Rwandan genocide;Félicien Kabuga, a Rwandan businessman responsible for supporting the Rwandan genocide, is arrested in Asnières-sur-Seine, France after 26 years as a fugitive;"#FélicienKabuga
#genocidio
#genocide
#Félicien
#Kabuga";;;;;;;;;;;;;;;;;;;;;;
17/05/2020;;;;;;;;;;;;;;;;;;;;;;;;;;;
18/05/2020;Somalia;environment;natural disaster;The United Nations Office for the Coordination of Humanitarian Affairs announces that nearly 1 million people are affected and at least 24 people have died in the flash floods that hit Beledweyne and Jowhar, Somalia.;"#Beledweyne
#Jowhar
#flood";;;;;;;;;;;;;;;;;;;;;;
18/05/2020;Global;politics & economy;COVID;In an unprecedented move, the World Health Organization holds its annual World Health Assembly using video conferencing instead of in-person meetings.;;;;;;;;;;;;;;;;;;;;;;;
19/05/2020;Palestine;politics & economy;Israeli–Palestinian conflict;Palestinian President Mahmoud Abbas announces the termination of all agreements, including security ones, with Israel and the United States in response to Israel's plans to annex the Jordan Valley.;"#Jordanvalley
#Jordan
#anexion";;;;;;;;;;;;;;;;;;;;;;
20/05/2020;;;;;;;;;;;;;;;;;;;;;;;;;;;
21/05/2020;Bangladesh;environment;natural disaster;Cyclone Amphan makes landfall in eastern India and Bangladesh, killing over 100 people and forcing the evacuation of more than 4 million others. It causes over US$13 billion in damage, making it the costliest cyclone ever recorded in the North Indian Ocean, shattering the record previously held by Nargis;"#Amphan
#DidiAchheChintaNei
#SSC_UFM_ROWLATT_ACT
#RedVolunteers";;;;;;;;;;;;;;;;;;;;;;
21/05/2020;Global;health;COVID;The number of confirmed cases of COVID-19 passes 5 million worldwide, with 106,000 new cases recorded over the past 24 hours, the highest single-day figure so far;;;;;;;;;;;;;;;;;;;;;;;
21/05/2020;USA;politics & economy;Trump;The Trump administration announces it will withdraw from the Open Skies Treaty within six months, alleging continuous violations by Russia;#OpenSkies;;;;;;;;;;;;;;;;;;;;;;
22/05/2020;Brazil;health;COVID;Brazil overtakes Russia to become the country with the second highest number of COVID-19 cases, with over 330,000 reported. President Jair Bolsonaro continues to dismiss the threat of the virus;;;;;;;;;;;;;;;;;;;;;;;
22/05/2020;Pakistan;social issues;flight crash in pakistan;Flight PK8303, a Pakistan International Airlines passenger aircraft, crashes in a residential area near Karachi, in Pakistan, killing 97 of the 99 total people on board and injuring dozens on the ground.;"#pk8303
#karachi
#flightpk8303";;;;;;;;;;;;;;;;;;;;;;
23/05/2020;China;health;COVID;China reports no new cases for the first time since the pandemic began, according to the National Health Commission.;;;;;;;;;;;;;;;;;;;;;;;
24/05/2020;Australia;environment;natural disaster;"3,000 kilometres (1,900 mi) of the coast of Western Australia is battered by a ""once in a decade"" storm";;;;;;;;;;;;;;;;;;;;;;;
24/05/2020;Australia;social issues; Anglo-Australian usurpation;Anglo-Australian mining corporation Rio Tinto admits blowing up the 46,000-year-old Juukan Gorge caves in the Pilbara area of Western Australia. The firm later issues an apology to the two Aboriginal peoples who are the traditional owners of the site;"#mining
#riotinto
#juukangorge";;;;;;;;;;;;;;;;;;;;;;
25/05/2020;Latin America;politics & economy;COVID;LATAM Airlines, the largest air carrier in Latin America, files for Chapter 11 bankruptcy.;;;;;;;;;;;;;;;;;;;;;;;
25/05/2020;Egypt;social issues;liberation of prisoners;Egyptian President Abdel Fattah el-Sisi pardons 3,157 prisoners to celebrate Eid al-Fitr.;;;;;;;;;;;;;;;;;;;;;;;
25/05/2020;USA;social issues;Black Lives Matter;Protests caused by the killing of George Floyd break out across hundreds of cities in the United States[176] and around the world;"#blm
#blacklivesmatter
#georgefloyd
#justiceforgeorgefloyd
#protest
#justice
#racism
#nojusticenopeace
#icantbreathe
#policebrutalit
#blackgirlmagic
#blackexcellence
#blackhistory
#blackouttuesday
#bhfyp
#acab
#blackpower
#alllivesmatter
#peacefulprotest
#blackmen
#breonnataylor
#blackwomen
#ahmaudarbery
#police
#blacklove
#blackqueen
#justiceforahmaud
#endracism
#resist
#blackandwhite
#BlackLivesMattters
#blackexcellence
#blackgirlmagic
#melanin
#blackwomen
#blacklove
#blackpower
#black
#africa
#blackisbeautiful
#blackgirlsrock
#blackmen
#blackwoman
#melaninpoppin
#africanamerican
#blackqueen
#blm
#supportblackbusiness
#blackgirls
#blackpeople
#resist
#blackhistory
#buyblack
#blackpride";;;;;;;;;;;;;;;;;;;;;;
25/05/2020;Costa Rica;social issues;LGBTI rights;Costa Rica becomes the first Central American country to legalise same-sex marriage.;#samesex ;;;;;;;;;;;;;;;;;;;;;;
25/05/2020;Zambia;social issues;LGBTI rights;President of Zambia Edgar Lungu pardons a gay couple jailed for 15 years due to consensual homosexual acts amid a mass wave of pardons of nearly 3,000 inmates to celebrate Africa Freedom Day;;;;;;;;;;;;;;;;;;;;;;;
27/05/2020;USA;health;COVID;The U.S. death toll passes 100,000 – more Americans than were killed in the Vietnam War and Korean War combined, and approaching that of the First World War, where 116,000 Americans died in combat.[184] The total number of cases continues to rise, although the rate is slowing.;;;;;;;;;;;;;;;;;;;;;;;
27/05/2020;Hong Kong;politics & economy;Hong Kong protests;"The Chinese National People's Congress votes in favour of national security legislation that prevents subversion, terrorism, separatism and foreign interference in Hong Kong.[181][182] U.S. Secretary of State Mike Pompeo responds by declaring Hong Kong ""no longer autonomous"".";;;;;;;;;;;;;;;;;;;;;;;
28/05/2020;Rwanda;violence & war;Rwanda genocide;A court in Rwanda sentences former Mayor of Nyakizu Ladislas Ntaganzwa to life imprisonment for his role in orchestrating the massacre of hundreds of thousands of people in the Rwandan genocide;;;;;;;;;;;;;;;;;;;;;;;
29/05/2020;;;;;;;;;;;;;;;;;;;;;;;;;;;
30/05/2020;USA;science & technology;space;The first crewed flight of the Dragon 2 (initially scheduled for May 27 but delayed due to weather) is launched from Cape Canaveral, Florida, the first manned spacecraft to take off from U.S. soil since the retirement of the Space Shuttle in 2011;"#SpaceX
#DragonX
#Endeavour";;;;;;;;;;;;;;;;;;;;;;
31/05/2020;Global;health;COVID;The number of confirmed cases of COVID-19 passes 6 million worldwide;;;;;;;;;;;;;;;;;;;;;;;
01/06/2020;Democratic Republic of the Congo;health;Ebola;Kivu Ebola epidemic: The World Health Organization reports six new cases of Ebola, and UNICEF reports five deaths, in a renewed outbreak of the disease in Mbandaka, Équateur Province, Democratic Republic of the Congo.;;;;;;;;;;;;;;;;;;;;;;;
01/06/2020;USA;politics & economy;Antifa movement;U.S. President Donald Trump labels Antifa a terrorist organisation;#antifa ;;;;;;;;;;;;;;;;;;;;;;
02/06/2020;USA;social issues;Digital rights;A US$5 billion class action lawsuit is filed against Alphabet Inc. and Google, alleging the company violates users' right to privacy by tracking them in Chrome's incognito mode;"#privacy
#alphabet";;;;;;;;;;;;;;;;;;;;;;
03/06/2020;India;environment;natural disaster ;Severe Cyclonic Storm Nisarga makes landfall south of Mumbai as a Category 1 hurricane. This is the first time a tropical cyclone has targeted the megacity since 1891. About 100,000 people have been evacuated from low-lying areas in the western Indian states of Maharashtra and Gujarat, an area already hard-hit by the COVID-19 pandemic.;"#nisarga
#nisargacyclon";;;;;;;;;;;;;;;;;;;;;;
03/06/2020;Russia;environment;environmental disaster;Russian President Vladimir Putin declares a state of emergency after 20,000 tons of oil leaked into the Ambarnaya River near the Siberian city of Norilsk within the Arctic Circle on May 26, 2020. The World Wildlife Fund said the accident is believed to be the second-largest in modern Russian history.;"#ArcticOilSpill
#Ambarnaya
#NorilskNickel ";;;;;;;;;;;;;;;;;;;;;;
03/06/2020;UK ;politics & economy;Hong Kong Protests;Prime Minister Boris Johnson says the United Kingdom will change immigration laws to offer a pathway to UK citizenship for all Hong Kong citizens who are eligible for BN(O) status if the government of China imposes new security laws on the territory.;;;;;;;;;;;;;;;;;;;;;;;
03/06/2020;USA;science & technology;space;SpaceX successfully launches and deploys 60 Starlink satellites into a low Earth orbit from Cape Canaveral Air Force Station. This brings the total number of Starlink satellites in orbit to 482.;"#spacex
#capecanaveral";;;;;;;;;;;;;;;;;;;;;;
04/06/2020;Libya;violence & war;Libyan Civil War;Libya's Government of National Accord (GNA) says they are in full control of the capital, Tripoli, after forces of the Libyan National Army (LNA), loyal to Field Marshal Khalifa Haftar, retreat from the territory following months of intense fighting in the city.;"#haftar
#khalifahaftar
#lna";;;;;;;;;;;;;;;;;;;;;;
05/06/2020;;;;;;;;;;;;;;;;;;;;;;;;;;;
06/06/2020;Global;social issues;Anti racism;Anti-racism rallies and protests against police brutality occur in cities around the world;;;;;;;;;;;;;;;;;;;;;;;
07/06/2020;Global;health;COVID;COVID-19 pandemic: The global death toll from COVID-19 exceeds 400,000;;;;;;;;;;;;;;;;;;;;;;;
08/06/2020;Global;health;COVID;COVID-19 pandemic: The number of confirmed cases of COVID-19 passes 7 million worldwide;;;;;;;;;;;;;;;;;;;;;;;
09/06/2020;Global;health;COVID;COVID-19 pandemic: A Harvard University study suggests that COVID-19 may have been spreading in China as early as August 2019, based on hospital car park usage and web search trends;;;;;;;;;;;;;;;;;;;;;;;
10/06/2020;;;;;;;;;;;;;;;;;;;;;;;;;;;
11/06/2020;;;;;;;;;;;;;;;;;;;;;;;;;;;
12/06/2020;;;;;;;;;;;;;;;;;;;;;;;;;;;
13/06/2020;;;;;;;;;;;;;;;;;;;;;;;;;;;
14/06/2020;;;;;;;;;;;;;;;;;;;;;;;;;;;
15/06/2020;India;violence & war;Sino-Indian border conflict;At least 20 Indian soldiers and over 40 Chinese forces are killed or injured in skirmishes in the disputed Galwan Valley, the largest escalation along the Sino-Indian border in five decades.;"#GalwanValley
#Ladakh
#LAC
#LOC
#AksaiChina";;;;;;;;;;;;;;;;;;;;;;
15/06/2020;Turkey;violence & war;Kurdistan;Turkish and Iranian forces commence air and artillery strikes against Kurdistan Workers' Party forces in Iraqi Kurdistan. Turkey launches a land operation in the region on June 17.;;;;;;;;;;;;;;;;;;;;;;;
16/06/2020;Global;health;COVID;COVID-19 pandemic: The number of confirmed cases of COVID-19 passes 8 million worldwide.;;;;;;;;;;;;;;;;;;;;;;;
16/06/2020;North Korea;politics & economy;North Korea international Affairs;North Korea demolishes the Inter-Korean Liaison Office with South Korea in Kaesong, established in 2018 to improve relations.;"Inter-Korean Liaison Office
#NorthKorea
#KimJongUn";;;;;;;;;;;;;;;;;;;;;;
17/06/2020;;;;;;;;;;;;;;;;;;;;;;;;;;;
18/06/2020;;;;;;;;;;;;;;;;;;;;;;;;;;;
19/06/2020;;;;;;;;;;;;;;;;;;;;;;;;;;;
20/06/2020;;;;;;;;;;;;;;;;;;;;;;;;;;;
21/06/2020;Global;environment;Space;An annular solar eclipse occurs;"#skylivetv
#solareclipse
#EclipseTotalDeSol";;;;;;;;;;;;;;;;;;;;;;
22/06/2020;Global;health;COVID;COVID-19 pandemic: The number of confirmed cases of COVID-19 passes 9 million worldwide;;;;;;;;;;;;;;;;;;;;;;;
23/06/2020;Mexico;environment;natural disaster;A 7.5-magnitude earthquake strikes the coast of Oaxaca, Mexico and kills at least four people. It is felt more than 400 miles (640 km) away in Mexico City;"#earthquake
#Terremoto
#Temblor
#Sismo
#Oaxaca";;;;;;;;;;;;;;;;;;;;;;
24/06/2020;;;;;;;;;;;;;;;;;;;;;;;;;;;
25/06/2020;;;;;;;;;;;;;;;;;;;;;;;;;;;
26/06/2020;;;;;;;;;;;;;;;;;;;;;;;;;;;
27/06/2020;Ireland;politics & economy;Irish elections;Micheál Martin succeeds Leo Varadkar as Taoiseach of Ireland in a three-party coalition government;"#taoiseach
micheál martin
fine gael
#leovaradkar
irish government";;;;;;;;;;;;;;;;;;;;;;
28/06/2020;Global;health;COVID;The number of confirmed cases of COVID-19 passes 10 million worldwide.[211] The U.S. continues to report the highest number of any country as it reaches 2.5 million, a quarter of all cases globally.;;;;;;;;;;;;;;;;;;;;;;;
28/06/2020;Global;health;COVID;The global death toll from COVID-19 exceeds 500,000;;;;;;;;;;;;;;;;;;;;;;;
29/06/2020;Bangladesh;social issues;Accident in Bangladesh;At least 34 people die when their ferry collides with another vessel and sinks in the Buriganga River in Bangladesh's capital Dhaka;;;;;;;;;;;;;;;;;;;;;;;
30/06/2020;China;social issues;Hong Kong protests; China passes the controversial Hong Kong national security law, allowing China to crack down on opposition to Beijing at home or abroad.;;;;;;;;;;;;;;;;;;;;;;;
Date;Country;TOPIC;Event / subtopic;What happened?;Hashtags;;;;;;;;;;;;;;;;;;;;;;
