,BWA,HKG,MAC,MNG,NGA,SGP,TWN,IDN,CHN,BRN,MMR,JPN,TKM,MYS,NPL,GUY,KEN,OMN,UGA,COL,GTM,PAN,RWA,TJK,UZB,BGD,BMU,BRB,CAN,GAB,KGZ,SRB,ARE,ARG,BHR,FRA,ISL,ITA,KWT,POL,PRY,SLV,ZAF,CZE,DEU,GHA,MDA,PHL,QAT,TUR,AUS,IND,VNM,ECU,LKA,PRT,FIN,GIN,HRV,ISR,PNG,ROU,SVK,ZWE,BEL,CUB,GEO,SDN,BRA,LBR,SYC,AZE,PRI,RUS,SAU,TLS,TTO,BIH,ESP,JAM,KOR,NOR,PAK,BDI,BEN,SYR,GBR,NZL,USA,BGR,CRI,IRL,CPV,MRT,AGO,SLB,GMB,GUM,LBN,MOZ,MWI,ALB,BLZ,IRQ,COD,IRN,NIC,ZMB,PSE,SMR,AUT,SSD,CHE,GRC,LTU,DNK,HUN,MEX,VEN,SWZ,AFG,NAM,DOM,GRL,HND,COG,UKR,LSO,MAR,SVN,TUN,CYP,DZA,JOR,LUX,PER,BTN,NLD,THA,TCD,RKS,SWE,BOL,LAO,BFA,CIV,EST,HTI,KAZ,AND,CMR,NER,SUR,URY,BLR,CAF,CHL,LBY,SEN,SOM,TZA,ABW,EGY,MDG,ETH,SLE,YEM,DJI,MLI,MUS,DMA
2020-01-01,,,,,0.0,0.0,0.0,0.0,0.0,,,0.0,,0.0,0.0,,,0.0,,,,,,,,,,,0.0,,,,0.0,,0.0,0.0,0.0,0.0,0.0,,,,,0.0,0.0,,,0.0,0.0,,0.0,0.0,0.0,0.0,0.0,,0.0,,0.0,0.0,,0.0,,,0.0,,0.0,,0.0,,,0.0,,0.0,,,,,0.0,,0.0,0.0,0.0,,,,0.0,0.0,0.0,,,0.0,,,,,,,0.0,,,,,0.0,,0.0,,,,0.0,0.0,,0.0,0.0,0.0,0.0,,0.0,,,0.0,,0.0,,,,,,,,,,0.0,,0.0,,,0.0,0.0,,,0.0,,,,,0.0,,,,,,,,0.0,,,,,,,,0.0,,,,,,,,
2020-01-01,,,,,0.0,0.0,0.0,0.0,0.0,,,0.0,,0.0,0.0,,,0.0,,,,,,,,,,,0.0,,,,0.0,,0.0,0.0,0.0,0.0,0.0,,,,,0.0,0.0,,,0.0,0.0,,0.0,0.0,0.0,0.0,0.0,,0.0,,0.0,0.0,,0.0,,,0.0,,0.0,,0.0,,,0.0,,0.0,,,,,0.0,,0.0,0.0,0.0,,,,0.0,0.0,0.0,,,0.0,,,,,,,0.0,,,,,0.0,,0.0,,,,0.0,0.0,,0.0,0.0,0.0,0.0,,0.0,,,0.0,,0.0,,,,,,,,,,0.0,,0.0,,,0.0,0.0,,,0.0,,,,,0.0,,,,,,,,0.0,,,,,,,,0.0,,,,,,,,
2020-01-02,,,,,0.0,0.0,0.0,0.0,0.0,,,0.0,,0.0,0.0,,,0.0,,,,,,,,,,,0.0,,,,0.0,,0.0,0.0,0.0,0.0,0.0,,,,,0.0,0.0,,,0.0,0.0,,0.0,0.0,0.0,0.0,0.0,,0.0,,0.0,0.0,,0.0,,,0.0,,0.0,,0.0,,,0.0,,0.0,,,,,0.0,,0.0,0.0,0.0,,,,0.0,0.0,0.0,,,0.0,,,,,,,0.0,,,,,0.0,,0.0,,,,0.0,0.0,,0.0,0.0,0.0,0.0,,0.0,,,0.0,,0.0,,,,,,,,,,0.0,,0.0,,,0.0,0.0,,,0.0,,,,,0.0,,,,,,,,0.0,,,,,,,,0.0,,,,,,,,
2020-01-03,,,,,0.0,0.0,0.0,0.0,0.0,,,0.0,,0.0,0.0,,,0.0,,,,,,,,,,,0.0,,,,0.0,,0.0,0.0,0.0,0.0,0.0,,,,,0.0,0.0,,,0.0,0.0,,0.0,0.0,0.0,0.0,0.0,,0.0,,0.0,0.0,,0.0,,,0.0,,0.0,,0.0,,,0.0,,0.0,,,,,0.0,,0.0,0.0,0.0,,,,0.0,0.0,0.0,,,0.0,,,,,,,0.0,,,,,0.0,,0.0,,,,0.0,0.0,,0.0,0.0,0.0,0.0,,0.0,,,0.0,,0.0,,,,,,,,,,0.0,,0.0,,,0.0,0.0,,,0.0,,,,,0.0,,,,,,,,0.0,,,,,,,,0.0,,,,,,,,
2020-01-04,,,,,0.0,0.0,0.0,0.0,0.0,,,0.0,,0.0,0.0,,,0.0,,,,,,,,,,,0.0,,,,0.0,,0.0,0.0,0.0,0.0,0.0,,,,,0.0,0.0,,,0.0,0.0,,0.0,0.0,0.0,0.0,0.0,,0.0,,0.0,0.0,,0.0,,,0.0,,0.0,,0.0,,,0.0,,0.0,,,,,0.0,,0.0,0.0,0.0,,,,0.0,0.0,0.0,,,0.0,,,,,,,0.0,,,,,0.0,,0.0,,,,0.0,0.0,,0.0,0.0,0.0,0.0,,0.0,,,0.0,,0.0,,,,,,,,,,0.0,,0.0,,,0.0,0.0,,,0.0,,,,,0.0,,,,,,,,0.0,,,,,,,,0.0,,,,,,,,
2020-01-05,,,,,0.0,0.0,0.0,0.0,0.0,,,0.0,,0.0,0.0,,,0.0,,,,,,,,,,,0.0,,,,0.0,,0.0,0.0,0.0,0.0,0.0,,,,,0.0,0.0,,,0.0,0.0,,0.0,0.0,0.0,0.0,0.0,,0.0,,0.0,0.0,,0.0,,,0.0,,0.0,,0.0,,,0.0,,0.0,,,,,0.0,,0.0,0.0,0.0,,,,0.0,0.0,0.0,,,0.0,,,,,,,0.0,,,,,0.0,,0.0,,,,0.0,0.0,,0.0,0.0,0.0,0.0,,0.0,,,0.0,,0.0,,,,,,,,,,0.0,,0.0,,,0.0,0.0,,,0.0,,,,,0.0,,,,,,,,0.0,,,,,,,,0.0,,,,,,,,
2020-01-06,,,,,0.0,0.0,0.0,0.0,0.0,,,0.0,,0.0,0.0,,,0.0,,,,,,,,,,,0.0,,,,0.0,,0.0,0.0,0.0,0.0,0.0,,,,,0.0,0.0,,,0.0,0.0,,0.0,0.0,0.0,0.0,0.0,,0.0,,0.0,0.0,,0.0,,,0.0,,0.0,,0.0,,,0.0,,0.0,,,,,0.0,,0.0,0.0,0.0,,,,0.0,0.0,0.0,,,0.0,,,,,,,0.0,,,,,0.0,,0.0,,,,0.0,0.0,,0.0,0.0,0.0,0.0,,0.0,,,0.0,,0.0,,,,,,,,,,0.0,,0.0,,,0.0,0.0,,,0.0,,,,,0.0,,,,,,,,0.0,,,,,,,,0.0,,,,,,,,
2020-01-07,,,,,0.0,0.0,0.0,0.0,0.0,,,0.0,,0.0,0.0,,,0.0,,,,,,,,,,,0.0,,,,0.0,,0.0,0.0,0.0,0.0,0.0,,,,,0.0,0.0,,,0.0,0.0,,0.0,0.0,0.0,0.0,0.0,,0.0,,0.0,0.0,,0.0,,,0.0,,0.0,,0.0,,,0.0,,0.0,,,,,0.0,,0.0,0.0,0.0,,,,0.0,0.0,0.0,,,0.0,,,,,,,0.0,,,,,0.0,,0.0,,,,0.0,0.0,,0.0,0.0,0.0,0.0,,0.0,,,0.0,,0.0,,,,,,,,,,0.0,,0.0,,,0.0,0.0,,,0.0,,,,,0.0,,,,,,,,0.0,,,,,,,,0.0,,,,,,,,
2020-01-08,,,,,0.0,0.0,0.0,0.0,0.0,,,0.0,,0.0,0.0,,,0.0,,,,,,,,,,,0.0,,,,0.0,,0.0,0.0,0.0,0.0,0.0,,,,,0.0,0.0,,,0.0,0.0,,0.0,0.0,0.0,0.0,0.0,,0.0,,0.0,0.0,,0.0,,,0.0,,0.0,,0.0,,,0.0,,0.0,,,,,0.0,,0.0,0.0,0.0,,,,0.0,0.0,0.0,,,0.0,,,,,,,0.0,,,,,0.0,,0.0,,,,0.0,0.0,,0.0,0.0,0.0,0.0,,0.0,,,0.0,,0.0,,,,,,,,,,0.0,,0.0,,,0.0,0.0,,,0.0,,,,,0.0,,,,,,,,0.0,,,,,,,,0.0,,,,,,,,
2020-01-09,,,,,0.0,0.0,0.0,0.0,0.0,,,0.0,,0.0,0.0,,,0.0,,,,,,,,,,,0.0,,,,0.0,,0.0,0.0,0.0,0.0,0.0,,,,,0.0,0.0,,,0.0,0.0,,0.0,0.0,0.0,0.0,0.0,,0.0,,0.0,0.0,,0.0,,,0.0,,0.0,,0.0,,,0.0,,0.0,,,,,0.0,,0.0,0.0,0.0,,,,0.0,0.0,0.0,,,0.0,,,,,,,0.0,,,,,0.0,,0.0,,,,0.0,0.0,,0.0,0.0,0.0,0.0,,0.0,,,0.0,,0.0,,,,,,,,,,0.0,,0.0,,,0.0,0.0,,,0.0,,,,,0.0,,,,,,,,0.0,,,,,,,,0.0,,,,,,,,
2020-01-10,,,,,0.0,0.0,0.0,0.0,1.0,,,0.0,,0.0,0.0,,,0.0,,,,,,,,,,,0.0,,,,0.0,,0.0,0.0,0.0,0.0,0.0,,,,,0.0,0.0,,,0.0,0.0,,0.0,0.0,0.0,0.0,0.0,,0.0,,0.0,0.0,,0.0,,,0.0,,0.0,,0.0,,,0.0,,0.0,,,,,0.0,,0.0,0.0,0.0,,,,0.0,0.0,0.0,,,0.0,,,,,,,0.0,,,,,0.0,,0.0,,,,0.0,0.0,,0.0,0.0,0.0,0.0,,0.0,,,0.0,,0.0,,,,,,,,,,0.0,,0.0,,,0.0,0.0,,,0.0,,,,,0.0,,,,,,,,0.0,,,,,,,,0.0,,,,,,,,
2020-01-11,,,,,0.0,0.0,0.0,0.0,1.0,,,0.0,,0.0,0.0,,,0.0,,,,,,,,,,,0.0,,,,0.0,,0.0,0.0,0.0,0.0,0.0,,,,,0.0,0.0,,,0.0,0.0,,0.0,0.0,0.0,0.0,0.0,,0.0,,0.0,0.0,,0.0,,,0.0,,0.0,,0.0,,,0.0,,0.0,,,,,0.0,,0.0,0.0,0.0,,,,0.0,0.0,0.0,,,0.0,,,,,,,0.0,,,,,0.0,,0.0,,,,0.0,0.0,,0.0,0.0,0.0,0.0,,0.0,,,0.0,,0.0,,,,,,,,,,0.0,,0.0,,,0.0,0.0,,,0.0,,,,,0.0,,,,,,,,0.0,,,,,,,,0.0,,,,,,,,
2020-01-12,,,,,0.0,0.0,0.0,0.0,1.0,,,0.0,,0.0,0.0,,,0.0,,,,,,,,,,,0.0,,,,0.0,,0.0,0.0,0.0,0.0,0.0,,,,,0.0,0.0,,,0.0,0.0,,0.0,0.0,0.0,0.0,0.0,,0.0,,0.0,0.0,,0.0,,,0.0,,0.0,,0.0,,,0.0,,0.0,,,,,0.0,,0.0,0.0,0.0,,,,0.0,0.0,0.0,,,0.0,,,,,,,0.0,,,,,0.0,,0.0,,,,0.0,0.0,,0.0,0.0,0.0,0.0,,0.0,,,0.0,,0.0,,,,,,,,,,0.0,,0.0,,,0.0,0.0,,,0.0,,,,,0.0,,,,,,,,0.0,,,,,,,,0.0,,,,,,,,
2020-01-13,,,,,0.0,0.0,0.0,0.0,1.0,,,0.0,,0.0,0.0,,,0.0,,,,,,,,,,,0.0,,,,0.0,,0.0,0.0,0.0,0.0,0.0,,,,,0.0,0.0,,,0.0,0.0,,0.0,0.0,0.0,0.0,0.0,,0.0,,0.0,0.0,,0.0,,,0.0,,0.0,,0.0,,,0.0,,0.0,,,,,0.0,,0.0,0.0,0.0,,,,0.0,0.0,0.0,,,0.0,,,,,,,0.0,,,,,0.0,,0.0,,,,0.0,0.0,,0.0,0.0,0.0,0.0,,0.0,,,0.0,,0.0,,,,,,,,,,0.0,,0.0,,,0.0,0.0,,,0.0,,,,,0.0,,,,,,,,0.0,,,,,,,,0.0,,,,,,,,
2020-01-14,,,,,0.0,0.0,0.0,0.0,2.0,,,0.0,,0.0,0.0,,,0.0,,,,,,,,,,,0.0,,,,0.0,,0.0,0.0,0.0,0.0,0.0,,,,,0.0,0.0,,,0.0,0.0,,0.0,0.0,0.0,0.0,0.0,,0.0,,0.0,0.0,,0.0,,,0.0,,0.0,,0.0,,,0.0,,0.0,,,,,0.0,,0.0,0.0,0.0,,,,0.0,0.0,0.0,,,0.0,,,,,,,0.0,,,,,0.0,,0.0,,,,0.0,0.0,,0.0,0.0,0.0,0.0,,0.0,,,0.0,,0.0,,,,,,,,,,0.0,,0.0,,,0.0,0.0,,,0.0,,,,,0.0,,,,,,,,0.0,,,,,,,,0.0,,,,,,,,
2020-01-15,,,,,0.0,0.0,0.0,0.0,2.0,,,0.0,,0.0,0.0,,,0.0,,,,,,,,,,,0.0,,,,0.0,,0.0,0.0,0.0,0.0,0.0,,,,,0.0,0.0,,,0.0,0.0,,0.0,0.0,0.0,0.0,0.0,,0.0,,0.0,0.0,,0.0,,,0.0,,0.0,,0.0,,,0.0,,0.0,,,,,0.0,,0.0,0.0,0.0,,,,0.0,0.0,0.0,,,0.0,,,,,,,0.0,,,,,0.0,,0.0,,,,0.0,0.0,,0.0,0.0,0.0,0.0,,0.0,,,0.0,,0.0,,,,,,,,,,0.0,,0.0,,,0.0,0.0,,,0.0,,,,,0.0,,,,,,,,0.0,,,,,,,,0.0,,,,,,,,
2020-01-16,,,,,0.0,0.0,0.0,0.0,2.0,,,0.0,,0.0,0.0,,,0.0,,,,,,,,,,,0.0,,,,0.0,,0.0,0.0,0.0,0.0,0.0,,,,,0.0,0.0,,,0.0,0.0,,0.0,0.0,0.0,0.0,0.0,,0.0,,0.0,0.0,,0.0,,,0.0,,0.0,,0.0,,,0.0,,0.0,,,,,0.0,,0.0,0.0,0.0,,,,0.0,0.0,0.0,,,0.0,,,,,,,0.0,,,,,0.0,,0.0,,,,0.0,0.0,,0.0,0.0,0.0,0.0,,0.0,,,0.0,,0.0,,,,,,,,,,0.0,,0.0,,,0.0,0.0,,,0.0,,,,,0.0,,,,,,,,0.0,,,,,,,,0.0,,,,,,,,
2020-01-17,,,,,0.0,0.0,0.0,0.0,2.0,,,0.0,,0.0,0.0,,,0.0,,,,,,,,,,,0.0,,,,0.0,,0.0,0.0,0.0,0.0,0.0,,,,,0.0,0.0,,,0.0,0.0,,0.0,0.0,0.0,0.0,0.0,,0.0,,0.0,0.0,,0.0,,,0.0,,0.0,,0.0,,,0.0,,0.0,,,,,0.0,,0.0,0.0,0.0,,,,0.0,0.0,0.0,,,0.0,,,,,,,0.0,,,,,0.0,,0.0,,,,0.0,0.0,,0.0,0.0,0.0,0.0,,0.0,,,0.0,,0.0,,,,,,,,,,0.0,,0.0,,,0.0,0.0,,,0.0,,,,,0.0,,,,,,,,0.0,,,,,,,,0.0,,,,,,,,
2020-01-18,,,,,0.0,0.0,0.0,0.0,3.0,,,0.0,,0.0,0.0,,,0.0,,,,,,,,,,,0.0,,,,0.0,,0.0,0.0,0.0,0.0,0.0,,,,,0.0,0.0,,,0.0,0.0,,0.0,0.0,0.0,0.0,0.0,,0.0,,0.0,0.0,,0.0,,,0.0,,0.0,,0.0,,,0.0,,0.0,,,,,0.0,,0.0,0.0,0.0,,,,0.0,0.0,0.0,,,0.0,,,,,,,0.0,,,,,0.0,,0.0,,,,0.0,0.0,,0.0,0.0,0.0,0.0,,0.0,,,0.0,,0.0,,,,,,,,,,0.0,,0.0,,,0.0,0.0,,,0.0,,,,,0.0,,,,,,,,0.0,,,,,,,,0.0,,,,,,,,
2020-01-19,,,,,0.0,0.0,0.0,0.0,3.0,,,0.0,,0.0,0.0,,,0.0,,,,,,,,,,,0.0,,,,0.0,,0.0,0.0,0.0,0.0,0.0,,,,,0.0,0.0,,,0.0,0.0,,0.0,0.0,0.0,0.0,0.0,,0.0,,0.0,0.0,,0.0,,,0.0,,0.0,,0.0,,,0.0,,0.0,,,,,0.0,,0.0,0.0,0.0,,,,0.0,0.0,0.0,,,0.0,,,,,,,0.0,,,,,0.0,,0.0,,,,0.0,0.0,,0.0,0.0,0.0,0.0,,0.0,,,0.0,,0.0,,,,,,,,,,0.0,,0.0,,,0.0,0.0,,,0.0,,,,,0.0,,,,,,,,0.0,,,,,,,,0.0,,,,,,,,
2020-01-20,,,,,0.0,0.0,0.0,0.0,6.0,,,0.0,,0.0,0.0,,,0.0,,,,,,,,,,,0.0,,,,0.0,,0.0,0.0,0.0,0.0,0.0,,,,,0.0,0.0,,,0.0,0.0,,0.0,0.0,0.0,0.0,0.0,,0.0,,0.0,0.0,,0.0,,,0.0,,0.0,,0.0,,,0.0,,0.0,,,,,0.0,,0.0,0.0,0.0,,,,0.0,0.0,0.0,,,0.0,,,,,,,0.0,,,,,0.0,,0.0,,,,0.0,0.0,,0.0,0.0,0.0,0.0,,0.0,,,0.0,,0.0,,,,,,,,,,0.0,,0.0,,,0.0,0.0,,,0.0,,,,,0.0,,,,,,,,0.0,,,,,,,,0.0,,,,,,,,
2020-01-21,,0.0,0.0,,0.0,0.0,0.0,0.0,17.0,,,0.0,,0.0,0.0,,,0.0,,,,,,,,,,,0.0,,,,0.0,,0.0,0.0,0.0,0.0,0.0,,,,,0.0,0.0,,,0.0,0.0,,0.0,0.0,0.0,0.0,0.0,,0.0,,0.0,0.0,,0.0,,,0.0,,0.0,,0.0,,,0.0,,0.0,,,,,0.0,,0.0,0.0,0.0,,,,0.0,0.0,0.0,,,0.0,,,,,,,0.0,,,,,0.0,,0.0,,,,0.0,0.0,,0.0,0.0,0.0,0.0,,0.0,,,0.0,,0.0,,,,,,,,,,0.0,,0.0,,,0.0,0.0,,0.0,0.0,,,,,0.0,,,,,,,,0.0,,,,,,,,0.0,,,,,,,,
2020-01-22,,0.0,0.0,,0.0,0.0,0.0,0.0,17.0,,,0.0,,0.0,0.0,,,0.0,,,,,,,,,,,0.0,,,,0.0,,0.0,0.0,0.0,0.0,0.0,,,,,0.0,0.0,,,0.0,0.0,,0.0,0.0,0.0,0.0,0.0,,0.0,,0.0,0.0,,0.0,,,0.0,,0.0,,0.0,,,0.0,,0.0,,,,,0.0,,0.0,0.0,0.0,,,,0.0,0.0,0.0,,,0.0,,,,,,,0.0,,,,,0.0,,0.0,,,,0.0,0.0,,0.0,0.0,0.0,0.0,,0.0,,,0.0,,0.0,,,,,,,,,,0.0,,0.0,,,0.0,0.0,,0.0,0.0,,,,,0.0,,,,,,,,0.0,,,,,,,,0.0,,,,,,,,
2020-01-23,,0.0,0.0,,0.0,0.0,0.0,0.0,26.0,,,0.0,,0.0,0.0,,,0.0,,,,,,,,,,,0.0,,,,0.0,,0.0,0.0,0.0,0.0,0.0,,,,,0.0,0.0,,,0.0,0.0,,0.0,0.0,0.0,0.0,0.0,,0.0,,0.0,0.0,,0.0,,,0.0,,0.0,,0.0,,,0.0,,0.0,,,,,0.0,,0.0,0.0,0.0,,,,0.0,0.0,0.0,,,0.0,,,,,,,0.0,,,,,0.0,,0.0,,,,0.0,0.0,,0.0,0.0,0.0,0.0,,0.0,,,0.0,,0.0,,,,,,,,,,0.0,,0.0,,,0.0,0.0,,0.0,0.0,,,,,0.0,,,,,,,,0.0,,,,,,,,0.0,,,,,,,,
2020-01-24,,0.0,0.0,,0.0,0.0,0.0,0.0,41.0,,,0.0,,0.0,0.0,,,0.0,,,,,,,,,,,0.0,,,,0.0,,0.0,0.0,0.0,0.0,0.0,,,,,0.0,0.0,,,0.0,0.0,,0.0,0.0,0.0,0.0,0.0,,0.0,,0.0,0.0,,0.0,,,0.0,,0.0,,0.0,,,0.0,,0.0,,,,,0.0,,0.0,0.0,0.0,,,,0.0,0.0,0.0,,,0.0,,,,,,,0.0,,,,,0.0,,0.0,,,,0.0,0.0,,0.0,0.0,0.0,0.0,,0.0,,,0.0,,0.0,,,,,,,,,,0.0,,0.0,,,0.0,0.0,,0.0,0.0,,,,,0.0,,,,,,,,0.0,,,,,,,,0.0,,,,,,,,
2020-01-25,,0.0,0.0,,0.0,0.0,0.0,0.0,56.0,,,0.0,,0.0,0.0,,,0.0,,,,,,,,,,,0.0,,,,0.0,,0.0,0.0,0.0,0.0,0.0,,,,,0.0,0.0,,,0.0,0.0,,0.0,0.0,0.0,0.0,0.0,,0.0,,0.0,0.0,,0.0,,,0.0,,0.0,,0.0,,,0.0,,0.0,,,,,0.0,,0.0,0.0,0.0,,,,0.0,0.0,0.0,,,0.0,,,,,,,0.0,,,,,0.0,,0.0,,,,0.0,0.0,,0.0,0.0,0.0,0.0,,0.0,,,0.0,,0.0,,,,,,,,,,0.0,,0.0,,,0.0,0.0,,0.0,0.0,,,,,0.0,,,,,,,,0.0,,,,,,,,0.0,,,,,,,,
2020-01-26,,0.0,0.0,,0.0,0.0,0.0,0.0,81.0,,,0.0,,0.0,0.0,,,0.0,,,,,,,,,,,0.0,,,,0.0,,0.0,0.0,0.0,0.0,0.0,,,,,0.0,0.0,,,0.0,0.0,,0.0,0.0,0.0,0.0,0.0,,0.0,,0.0,0.0,,0.0,,,0.0,,0.0,,0.0,,,0.0,,0.0,,,,,0.0,,0.0,0.0,0.0,,,,0.0,0.0,0.0,,,0.0,,,,,,,0.0,,,,,0.0,,0.0,,,,0.0,0.0,,0.0,0.0,0.0,0.0,,0.0,,,0.0,,0.0,,,,,,,,,,0.0,,0.0,,,0.0,0.0,,0.0,0.0,,,,,0.0,,,,,,,,0.0,,,,,,,,0.0,,,,,,,,
2020-01-27,,0.0,0.0,,0.0,0.0,0.0,0.0,106.0,,,0.0,,0.0,0.0,,,0.0,,,,,,,,,,,0.0,,,,0.0,,0.0,0.0,0.0,0.0,0.0,,,,,0.0,0.0,,,0.0,0.0,,0.0,0.0,0.0,0.0,0.0,,0.0,,0.0,0.0,,0.0,,,0.0,,0.0,,0.0,,,0.0,,0.0,,,,,0.0,,0.0,0.0,0.0,,,,0.0,0.0,0.0,,,0.0,,,,,,,0.0,,,,,0.0,,0.0,,,,0.0,0.0,,0.0,0.0,0.0,0.0,,0.0,,,0.0,,0.0,,,,,,,,,,0.0,,0.0,,,0.0,0.0,,0.0,0.0,,,,,0.0,,,,,,,,0.0,,,,,,,,0.0,,,,,,,,
2020-01-28,,0.0,0.0,,0.0,0.0,0.0,0.0,132.0,,,0.0,,0.0,0.0,,,0.0,,,,,,,,,,,0.0,,,,0.0,,0.0,0.0,0.0,0.0,0.0,,,,,0.0,0.0,,,0.0,0.0,,0.0,0.0,0.0,0.0,0.0,,0.0,,0.0,0.0,,0.0,,,0.0,,0.0,,0.0,,,0.0,,0.0,,,,,0.0,,0.0,0.0,0.0,,,,0.0,0.0,0.0,,,0.0,,,,,,,0.0,,,,,0.0,,0.0,,,,0.0,0.0,,0.0,0.0,0.0,0.0,,0.0,,,0.0,,0.0,,,,,,,,,,0.0,,0.0,,,0.0,0.0,,0.0,0.0,,,,,0.0,,,,,,,,0.0,,,,,,,,0.0,,,,,,,,
2020-01-29,,0.0,0.0,,0.0,0.0,0.0,0.0,170.0,,,0.0,,0.0,0.0,,,0.0,,,,,,,,,,,0.0,,,,0.0,,0.0,0.0,0.0,0.0,0.0,,,,,0.0,0.0,,,0.0,0.0,,0.0,0.0,0.0,0.0,0.0,,0.0,,0.0,0.0,,0.0,,,0.0,,0.0,,0.0,,,0.0,,0.0,,,,,0.0,,0.0,0.0,0.0,,,,0.0,0.0,0.0,,,0.0,,,,,,,0.0,,,,,0.0,,0.0,,,,0.0,0.0,,0.0,0.0,0.0,0.0,,0.0,,,0.0,,0.0,,,,,,,,,,0.0,,0.0,,,0.0,0.0,,0.0,0.0,,,,,0.0,,,,,,,,0.0,,,,,,,,0.0,,,,,,,,
2020-01-30,,0.0,0.0,,0.0,0.0,0.0,0.0,213.0,,,0.0,,0.0,0.0,,,0.0,,,,,,,,,,,0.0,,,,0.0,,0.0,0.0,0.0,0.0,0.0,,,,,0.0,0.0,,,0.0,0.0,,0.0,0.0,0.0,0.0,0.0,,0.0,,0.0,0.0,,0.0,,,0.0,,0.0,,0.0,,,0.0,,0.0,,,,,0.0,,0.0,0.0,0.0,,,,0.0,0.0,0.0,,,0.0,,,,,,,0.0,,,,,0.0,,0.0,,,,0.0,0.0,,0.0,0.0,0.0,0.0,,0.0,,,0.0,,0.0,,,,,,,,,,0.0,,0.0,,,0.0,0.0,,0.0,0.0,,,,,0.0,,,,,,,,0.0,,,,,,,,0.0,,,,,,,,
2020-01-31,,0.0,0.0,,0.0,0.0,0.0,0.0,259.0,,,0.0,,0.0,0.0,,,0.0,,,,,,,,,,,0.0,,,,0.0,,0.0,0.0,0.0,0.0,0.0,,,,,0.0,0.0,,,0.0,0.0,,0.0,0.0,0.0,0.0,0.0,,0.0,,0.0,0.0,,0.0,,,0.0,,0.0,,0.0,,,0.0,,0.0,,,,,0.0,,0.0,0.0,0.0,,,,0.0,0.0,0.0,,,0.0,,,,,,,0.0,,,,,0.0,,0.0,,,,0.0,0.0,,0.0,0.0,0.0,0.0,,0.0,,,0.0,,0.0,,,,,,,,,,0.0,,0.0,,,0.0,0.0,,0.0,0.0,,,,,0.0,,,,,,,,0.0,,,,,,,,0.0,,,,,,,,
2020-02-01,,0.0,0.0,,0.0,0.0,0.0,0.0,304.0,,,0.0,,0.0,0.0,,,0.0,,,,,,,,,,,0.0,,,,0.0,,0.0,0.0,0.0,0.0,0.0,,,,,0.0,0.0,,,1.0,0.0,,0.0,0.0,0.0,0.0,0.0,,0.0,,0.0,0.0,,0.0,,,0.0,,0.0,,0.0,,,0.0,,0.0,,,,,0.0,,0.0,0.0,0.0,,,,0.0,0.0,0.0,,,0.0,,,,,,,0.0,,,,,0.0,,0.0,,,,0.0,0.0,,0.0,0.0,0.0,0.0,,0.0,,,0.0,,0.0,,,,,,,,,,0.0,,0.0,,,0.0,0.0,,0.0,0.0,,,,,0.0,,,,,,,,0.0,,,,,,,,0.0,,,,,,,,
2020-02-02,,0.0,0.0,,0.0,0.0,0.0,0.0,361.0,,,0.0,,0.0,0.0,,,0.0,,,,,,,,,,,0.0,,,,0.0,,0.0,0.0,0.0,0.0,0.0,,,,,0.0,0.0,,,1.0,0.0,,0.0,0.0,0.0,0.0,0.0,,0.0,,0.0,0.0,,0.0,,,0.0,,0.0,,0.0,,,0.0,,0.0,,,,,0.0,,0.0,0.0,0.0,,,,0.0,0.0,0.0,,,0.0,,,,,,,0.0,,,,,0.0,,0.0,,,,0.0,0.0,,0.0,0.0,0.0,0.0,,0.0,,,0.0,,0.0,,,,,,,,,,0.0,,0.0,,,0.0,0.0,,0.0,0.0,,,,,0.0,,,,,,,,0.0,,,,,,,,0.0,,,,,,,,
2020-02-03,,1.0,0.0,,0.0,0.0,0.0,0.0,426.0,,,0.0,,0.0,0.0,,,0.0,,,,,,,,,,,0.0,,,,0.0,,0.0,0.0,0.0,0.0,0.0,,,,,0.0,0.0,,,1.0,0.0,,0.0,0.0,0.0,0.0,0.0,,0.0,,0.0,0.0,,0.0,,,0.0,,0.0,,0.0,,,0.0,,0.0,,,,,0.0,,0.0,0.0,0.0,,,,0.0,0.0,0.0,,,0.0,,,,,,,0.0,,,,,0.0,,0.0,,,,0.0,0.0,,0.0,0.0,0.0,0.0,,0.0,,,0.0,,0.0,,,,,,,,,,0.0,,0.0,,,0.0,0.0,,0.0,0.0,,,,,0.0,,,,,,,,0.0,,,,,,,,0.0,,,,,,,,
2020-02-04,,1.0,0.0,,0.0,0.0,0.0,0.0,492.0,,,0.0,,0.0,0.0,,,0.0,,,,,,,,,,,0.0,,,,0.0,,0.0,0.0,0.0,0.0,0.0,,,,,0.0,0.0,,,1.0,0.0,,0.0,0.0,0.0,0.0,0.0,,0.0,,0.0,0.0,,0.0,,,0.0,,0.0,,0.0,,,0.0,,0.0,,,,,0.0,,0.0,0.0,0.0,,,,0.0,0.0,0.0,,,0.0,,,,,,,0.0,,,,,0.0,,0.0,,,,0.0,0.0,,0.0,0.0,0.0,0.0,,0.0,,,0.0,,0.0,,,,,,,,,,0.0,,0.0,,,0.0,0.0,,0.0,0.0,,,,,0.0,,,,,,,,0.0,,,,,,,,0.0,,,,,,,,
2020-02-05,,1.0,0.0,,0.0,0.0,0.0,0.0,564.0,,,0.0,,0.0,0.0,,,0.0,,,,,,,,,,,0.0,,,,0.0,,0.0,0.0,0.0,0.0,0.0,,,,,0.0,0.0,,,1.0,0.0,,0.0,0.0,0.0,0.0,0.0,,0.0,,0.0,0.0,,0.0,,,0.0,,0.0,,0.0,,,0.0,,0.0,,,,,0.0,,0.0,0.0,0.0,,,,0.0,0.0,0.0,,,0.0,,,,,,,0.0,,,,,0.0,,0.0,,,,0.0,0.0,,0.0,0.0,0.0,0.0,,0.0,,,0.0,,0.0,,,,,,,,,,0.0,,0.0,,,0.0,0.0,,0.0,0.0,,,,,0.0,,,,,,,,0.0,,,,,,,,0.0,,,,,,,,
2020-02-06,,1.0,0.0,,0.0,0.0,0.0,0.0,637.0,,,0.0,,0.0,0.0,,,0.0,,,,,,,,,,,0.0,,,,0.0,,0.0,0.0,0.0,0.0,0.0,,,,,0.0,0.0,,,1.0,0.0,,0.0,0.0,0.0,0.0,0.0,,0.0,,0.0,0.0,,0.0,,,0.0,,0.0,,0.0,,,0.0,,0.0,,,,,0.0,,0.0,0.0,0.0,,,,0.0,0.0,0.0,,,0.0,,,,,,,0.0,,,,,0.0,,0.0,,,,0.0,0.0,,0.0,0.0,0.0,0.0,,0.0,,,0.0,,0.0,,,,,,,,,,0.0,,0.0,,,0.0,0.0,,0.0,0.0,,,,,0.0,,,,,,,,0.0,,,,,,,,0.0,,,,,,,,
2020-02-07,,1.0,0.0,,0.0,0.0,0.0,0.0,723.0,,,0.0,,0.0,0.0,,,0.0,,,,,,,,,,,0.0,,,,0.0,,0.0,0.0,0.0,0.0,0.0,,,,,0.0,0.0,,,1.0,0.0,,0.0,0.0,0.0,0.0,0.0,,0.0,,0.0,0.0,,0.0,,,0.0,,0.0,,0.0,,,0.0,,0.0,,,,,0.0,,0.0,0.0,0.0,,,,0.0,0.0,0.0,,,0.0,,,,,,,0.0,,,,,0.0,,0.0,,,,0.0,0.0,,0.0,0.0,0.0,0.0,,0.0,,,0.0,,0.0,,,,,,,,,,0.0,,0.0,,,0.0,0.0,,0.0,0.0,,,,,0.0,,,,,,,,0.0,,,,,,,,0.0,,,,,,,,
2020-02-08,,1.0,0.0,,0.0,0.0,0.0,0.0,812.0,,,0.0,,0.0,0.0,,,0.0,,,,,,,,,,,0.0,,,,0.0,,0.0,0.0,0.0,0.0,0.0,,,,,0.0,0.0,,,1.0,0.0,,0.0,0.0,0.0,0.0,0.0,,0.0,,0.0,0.0,,0.0,,,0.0,,0.0,,0.0,,,0.0,,0.0,,,,,0.0,,0.0,0.0,0.0,,,,0.0,0.0,0.0,,,0.0,,,,,,,0.0,,,,,0.0,,0.0,,,,0.0,0.0,,0.0,0.0,0.0,0.0,,0.0,,,0.0,,0.0,,,,,,,,,,0.0,,0.0,,,0.0,0.0,,0.0,0.0,,,,,0.0,,,,,,,,0.0,,,,,,,,0.0,,,,,,,,
2020-02-09,,1.0,0.0,,0.0,0.0,0.0,0.0,909.0,,,0.0,,0.0,0.0,,,0.0,,,,,,,,,,,0.0,,,,0.0,,0.0,0.0,0.0,0.0,0.0,,,,,0.0,0.0,,,1.0,0.0,,0.0,0.0,0.0,0.0,0.0,,0.0,,0.0,0.0,,0.0,,,0.0,,0.0,,0.0,,,0.0,,0.0,,,,,0.0,,0.0,0.0,0.0,,,,0.0,0.0,0.0,,,0.0,,,,,,,0.0,,,,,0.0,,0.0,,,,0.0,0.0,,0.0,0.0,0.0,0.0,,0.0,,,0.0,,0.0,,,,,,,,,,0.0,,0.0,,,0.0,0.0,,0.0,0.0,,,,,0.0,,,,,,,,0.0,,,,,,,,0.0,,,,,,,,
2020-02-10,,1.0,0.0,,0.0,0.0,0.0,0.0,1017.0,,,0.0,,0.0,0.0,,,0.0,,,,,,,,,,,0.0,,,,0.0,,0.0,0.0,0.0,0.0,0.0,,,,,0.0,0.0,,,1.0,0.0,,0.0,0.0,0.0,0.0,0.0,,0.0,,0.0,0.0,,0.0,,,0.0,,0.0,,0.0,,,0.0,,0.0,,,,,0.0,,0.0,0.0,0.0,,,,0.0,0.0,0.0,,,0.0,,,,,,,0.0,,,,,0.0,,0.0,,,,0.0,0.0,,0.0,0.0,0.0,0.0,,0.0,,,0.0,,0.0,,,,,,,,,,0.0,,0.0,,,0.0,0.0,,0.0,0.0,,,,,0.0,,,,,,,,0.0,,,,,,,,0.0,,,,,,,,
2020-02-11,,1.0,0.0,,0.0,0.0,0.0,0.0,1114.0,,,0.0,,0.0,0.0,,,0.0,,,,,,,,,,,0.0,,,,0.0,,0.0,0.0,0.0,0.0,0.0,,,,,0.0,0.0,,,1.0,0.0,,0.0,0.0,0.0,0.0,0.0,,0.0,,0.0,0.0,,0.0,,,0.0,,0.0,,0.0,,,0.0,,0.0,,,,,0.0,,0.0,0.0,0.0,,,,0.0,0.0,0.0,,,0.0,,,,,,,0.0,,,,,0.0,,0.0,,,,0.0,0.0,,0.0,0.0,0.0,0.0,,0.0,,,0.0,,0.0,,,,,,,,,,0.0,,0.0,,,0.0,0.0,,0.0,0.0,,,,,0.0,,,,,,,,0.0,,,,,,,,0.0,,,,,,,,
2020-02-12,,1.0,0.0,,0.0,0.0,0.0,0.0,1368.0,,,1.0,,0.0,0.0,,,0.0,,,,,,,,,,,0.0,,,,0.0,,0.0,0.0,0.0,0.0,0.0,,,,,0.0,0.0,,,1.0,0.0,,0.0,0.0,0.0,0.0,0.0,,0.0,,0.0,0.0,,0.0,,,0.0,,0.0,,0.0,,,0.0,,0.0,,,,,0.0,,0.0,0.0,0.0,,,,0.0,0.0,0.0,,,0.0,,,,,,,0.0,,,,,0.0,,0.0,,,,0.0,0.0,,0.0,0.0,0.0,0.0,,0.0,,,0.0,,0.0,,,,,,,,,,0.0,,0.0,,,0.0,0.0,,0.0,0.0,,,,,0.0,,,,,,,,0.0,,,,,,,,0.0,,,,,,,,
2020-02-13,,1.0,0.0,,0.0,0.0,0.0,0.0,1381.0,,,1.0,,0.0,0.0,,,0.0,,,,,,,,,,,0.0,,,,0.0,,0.0,0.0,0.0,0.0,0.0,,,,,0.0,0.0,,,1.0,0.0,,0.0,0.0,0.0,0.0,0.0,,0.0,,0.0,0.0,,0.0,,,0.0,,0.0,,0.0,,,0.0,,0.0,,,,,0.0,,0.0,0.0,0.0,,,,0.0,0.0,0.0,,,0.0,,,,,,,0.0,,,,,0.0,,0.0,,,,0.0,0.0,,0.0,0.0,0.0,0.0,,0.0,,,0.0,,0.0,,,,,,,,,,0.0,,0.0,,,0.0,0.0,,0.0,0.0,,,,,0.0,,,,,,,,0.0,,,,,,,,0.0,,,,,,,,
2020-02-14,,1.0,0.0,,0.0,0.0,0.0,0.0,1524.0,,,1.0,,0.0,0.0,,,0.0,,,,,,,,,,,0.0,,,,0.0,,0.0,1.0,0.0,0.0,0.0,,,,,0.0,0.0,,,1.0,0.0,,0.0,0.0,0.0,0.0,0.0,,0.0,,0.0,0.0,,0.0,,,0.0,,0.0,,0.0,,,0.0,,0.0,,,,,0.0,,0.0,0.0,0.0,,,,0.0,0.0,0.0,,,0.0,,,,,,,0.0,,,,,0.0,,0.0,,,,0.0,0.0,,0.0,0.0,0.0,0.0,,0.0,,,0.0,,0.0,,,,,,,,,,0.0,,0.0,,,0.0,0.0,,0.0,0.0,,,,,0.0,,,,,,,,0.0,,,,,,,,0.0,,,,,,,,
2020-02-15,,1.0,0.0,,0.0,0.0,0.0,0.0,1666.0,,,1.0,,0.0,0.0,,,0.0,,,,,,,,,,,0.0,,,,0.0,,0.0,1.0,0.0,0.0,0.0,,,,,0.0,0.0,,,1.0,0.0,,0.0,0.0,0.0,0.0,0.0,,0.0,,0.0,0.0,,0.0,,,0.0,,0.0,,0.0,,,0.0,,0.0,,,,,0.0,,0.0,0.0,0.0,,,,0.0,0.0,0.0,,,0.0,,,,,,,0.0,,,,,0.0,,0.0,,,,0.0,0.0,,0.0,0.0,0.0,0.0,,0.0,,,0.0,,0.0,,,,,,,,,,0.0,,0.0,,,0.0,0.0,,0.0,0.0,,,,,0.0,,,,,,,,0.0,,,,,,,,0.0,,,,,,,,
2020-02-16,,1.0,0.0,,0.0,0.0,1.0,0.0,1771.0,,,1.0,,0.0,0.0,,,0.0,,,,,,,,,,,0.0,,,,0.0,,0.0,1.0,0.0,0.0,0.0,,,,,0.0,0.0,,,1.0,0.0,,0.0,0.0,0.0,0.0,0.0,,0.0,,0.0,0.0,,0.0,,,0.0,,0.0,,0.0,,,0.0,,0.0,,,,,0.0,,0.0,0.0,0.0,,,,0.0,0.0,0.0,,,0.0,,,,,,,0.0,,,,,0.0,,0.0,,,,0.0,0.0,,0.0,0.0,0.0,0.0,,0.0,,,0.0,,0.0,,,,,,,,,,0.0,,0.0,,,0.0,0.0,,0.0,0.0,,,,,0.0,,,,,,,,0.0,,,,,,,,0.0,,,,,,,,
2020-02-17,,1.0,0.0,,0.0,0.0,1.0,0.0,1869.0,,,1.0,,0.0,0.0,,,0.0,,,,,,,,,,,0.0,,,,0.0,,0.0,1.0,0.0,0.0,0.0,,,,,0.0,0.0,,,1.0,0.0,,0.0,0.0,0.0,0.0,0.0,,0.0,,0.0,0.0,,0.0,,,0.0,,0.0,,0.0,,,0.0,,0.0,,,,,0.0,,0.0,0.0,0.0,,,,0.0,0.0,0.0,,,0.0,,,,,,,0.0,,,,,0.0,,0.0,,,,0.0,0.0,,0.0,0.0,0.0,0.0,,0.0,,,0.0,,0.0,,,,,,,,,,0.0,,0.0,,,0.0,0.0,,0.0,0.0,,,,,0.0,,,,,,,,0.0,,,,,,,,0.0,,,,,,,,
2020-02-18,,2.0,0.0,,0.0,0.0,1.0,0.0,2008.0,,,1.0,,0.0,0.0,,,0.0,,,,,,,,,,,0.0,,,,0.0,,0.0,1.0,0.0,0.0,0.0,,,,,0.0,0.0,,,1.0,0.0,,0.0,0.0,0.0,0.0,0.0,,0.0,,0.0,0.0,,0.0,,,0.0,,0.0,,0.0,,,0.0,,0.0,,,,,0.0,,0.0,0.0,0.0,,,,0.0,0.0,0.0,,,0.0,,,,,,,0.0,,,,,0.0,,0.0,,,,0.0,0.0,,0.0,0.0,0.0,0.0,,0.0,,,0.0,,0.0,,,,,,,,,,0.0,,0.0,,,0.0,0.0,,0.0,0.0,,,,,0.0,,,,,,,,0.0,,,,,,,,0.0,,,,,,,,
2020-02-19,,2.0,0.0,,0.0,0.0,1.0,0.0,2120.0,,,1.0,,0.0,0.0,,,0.0,,,,,,,,,,,0.0,,,,0.0,,0.0,1.0,0.0,0.0,0.0,,,,,0.0,0.0,,,1.0,0.0,,0.0,0.0,0.0,0.0,0.0,,0.0,,0.0,0.0,,0.0,,,0.0,,0.0,,0.0,,,0.0,,0.0,,,,,0.0,,0.0,0.0,0.0,,,,0.0,0.0,0.0,,,0.0,,,,,,,0.0,,,,,0.0,,2.0,,,,0.0,0.0,,0.0,0.0,0.0,0.0,,0.0,,,0.0,,0.0,,,,,,,,,,0.0,,0.0,,,0.0,0.0,,0.0,0.0,,,,,0.0,,,,,,,,0.0,,,,,,,,0.0,,,,,,,,
2020-02-20,,2.0,0.0,,0.0,0.0,1.0,0.0,2238.0,,,1.0,,0.0,0.0,,,0.0,,,,,,,,,,,0.0,,,,0.0,,0.0,1.0,0.0,0.0,0.0,,,,,0.0,0.0,,,1.0,0.0,,0.0,0.0,0.0,0.0,0.0,,0.0,,0.0,0.0,,0.0,,,0.0,,0.0,,0.0,,,0.0,,0.0,,,,,0.0,,1.0,0.0,0.0,,,,0.0,0.0,0.0,,,0.0,,,,,,,0.0,,,,,0.0,,2.0,,,,0.0,0.0,,0.0,0.0,0.0,0.0,,0.0,,,0.0,,0.0,,,,,,,,,,0.0,,0.0,,,0.0,0.0,,0.0,0.0,,,,,0.0,,,,,,,,0.0,,,,,,,,0.0,,,,,,,,
2020-02-21,,2.0,0.0,,0.0,0.0,1.0,0.0,2347.0,,,1.0,,0.0,0.0,,,0.0,,,,,,,,,,,0.0,,,,0.0,,0.0,1.0,0.0,0.0,0.0,,,,,0.0,0.0,,,1.0,0.0,,0.0,0.0,0.0,0.0,0.0,,0.0,,0.0,0.0,,0.0,,,0.0,,0.0,,0.0,,,0.0,,0.0,,,,,0.0,,2.0,0.0,0.0,,,,0.0,0.0,0.0,,,0.0,,,,,,,0.0,,,,,0.0,,4.0,,,,0.0,0.0,,0.0,0.0,0.0,0.0,,0.0,,,0.0,,0.0,,,,,,,,,,0.0,,0.0,,,0.0,0.0,,0.0,0.0,,,,,0.0,,,,,,,,0.0,,,,,,,,0.0,,,,,,,,
2020-02-22,,2.0,0.0,,0.0,0.0,1.0,0.0,2445.0,,,1.0,,0.0,0.0,,,0.0,,,,,,,,,,,0.0,,,,0.0,,0.0,1.0,0.0,2.0,0.0,,,,,0.0,0.0,,,1.0,0.0,,0.0,0.0,0.0,0.0,0.0,,0.0,,0.0,0.0,,0.0,,,0.0,,0.0,,0.0,,,0.0,,0.0,,,,,0.0,,5.0,0.0,0.0,,,,0.0,0.0,0.0,,,0.0,,,,,,,0.0,,,,,0.0,,5.0,,,,0.0,0.0,,0.0,0.0,0.0,0.0,,0.0,,,0.0,,0.0,,,,,,,,,,0.0,,0.0,,,0.0,0.0,,0.0,0.0,,,,,0.0,,,,,,,,0.0,,,,,,,,0.0,,,,,,,,
2020-02-23,,2.0,0.0,,0.0,0.0,1.0,0.0,2595.0,,,1.0,,0.0,0.0,,,0.0,,,,,,,,,,,0.0,,,,0.0,,0.0,1.0,0.0,2.0,0.0,,,,,0.0,0.0,,,1.0,0.0,,0.0,0.0,0.0,0.0,0.0,,0.0,,0.0,0.0,,0.0,,,0.0,,0.0,,0.0,,,0.0,,0.0,,,,,0.0,,7.0,0.0,0.0,,,,0.0,0.0,0.0,,,0.0,,,,,,,0.0,,,,,0.0,,8.0,,,,0.0,0.0,,0.0,0.0,0.0,0.0,,0.0,,,0.0,,0.0,,,,,,,,,,0.0,,0.0,,,0.0,0.0,,0.0,0.0,,,,,0.0,,,,,,,,0.0,,,,,,,,0.0,,,,,,,,
2020-02-24,,2.0,0.0,,0.0,0.0,1.0,0.0,2665.0,,,1.0,,0.0,0.0,,,0.0,,,,,,,,,,,0.0,,,,0.0,,0.0,1.0,0.0,6.0,0.0,,,,,0.0,0.0,,,1.0,0.0,,0.0,0.0,0.0,0.0,0.0,,0.0,,0.0,0.0,,0.0,,,0.0,,0.0,,0.0,,,0.0,,0.0,,,,,0.0,,8.0,0.0,0.0,,,,0.0,0.0,0.0,,,0.0,,,,,,,0.0,,,,,0.0,,12.0,,,,0.0,0.0,,0.0,0.0,0.0,0.0,,0.0,,,0.0,,0.0,,,,,,,,,,0.0,,0.0,,,0.0,0.0,,0.0,0.0,,,,,0.0,,,,,,,,0.0,,,,,,,,0.0,,,,,,,,
2020-02-25,,2.0,0.0,,0.0,0.0,1.0,0.0,2717.0,,,1.0,,0.0,0.0,,,0.0,,,,,,,,,,,0.0,,,,0.0,,0.0,1.0,0.0,11.0,0.0,,,,,0.0,0.0,,,1.0,0.0,,0.0,0.0,0.0,0.0,0.0,,0.0,,0.0,0.0,,0.0,,,0.0,,0.0,,0.0,,,0.0,,0.0,,,,,0.0,,11.0,0.0,0.0,,,,0.0,0.0,0.0,,,0.0,,,,,,,0.0,,,,,0.0,,15.0,,,,0.0,0.0,,0.0,0.0,0.0,0.0,,0.0,,,0.0,,0.0,,,,,,,,,,0.0,,0.0,,,0.0,0.0,,0.0,0.0,,,,,0.0,,,,,,,,0.0,,,,,,,,0.0,,,,,,,,
2020-02-26,,2.0,0.0,,0.0,0.0,1.0,0.0,2746.0,,,3.0,,0.0,0.0,,,0.0,,,,,,,,,,,0.0,,,,0.0,,0.0,2.0,0.0,12.0,0.0,,,,,0.0,0.0,,,1.0,0.0,,0.0,0.0,0.0,0.0,0.0,,0.0,,0.0,0.0,,0.0,,,0.0,,0.0,,0.0,,,0.0,,0.0,,,,,0.0,,12.0,0.0,0.0,,,,0.0,0.0,0.0,,,0.0,,,,,,,0.0,,,,,0.0,,19.0,,,,0.0,0.0,,0.0,0.0,0.0,0.0,,0.0,,,0.0,,0.0,,,,,,,,,,0.0,,0.0,,,0.0,0.0,,0.0,0.0,,,,,0.0,,,,,,,,0.0,,,,,,,,0.0,,,,,,,,
2020-02-27,,2.0,0.0,,0.0,0.0,1.0,0.0,2790.0,,,3.0,,0.0,0.0,,,0.0,,,,,,,,,,,0.0,,,,0.0,,0.0,2.0,0.0,17.0,0.0,,,,,0.0,0.0,,,1.0,0.0,,0.0,0.0,0.0,0.0,0.0,,0.0,,0.0,0.0,,0.0,,,0.0,,0.0,,0.0,,,0.0,,0.0,,,,,0.0,,13.0,0.0,0.0,,,,0.0,0.0,0.0,,,0.0,,,,,,,0.0,,,,,0.0,,26.0,,,,0.0,0.0,,0.0,0.0,0.0,0.0,,0.0,,,0.0,,0.0,,,,,,,,,,0.0,,0.0,,,0.0,0.0,,0.0,0.0,,,,,0.0,,,,,,,,0.0,,,,,,,,0.0,,,,,,,,
2020-02-28,,2.0,0.0,,0.0,0.0,1.0,0.0,2837.0,,,3.0,,0.0,0.0,,,0.0,,,,,,,,,,,0.0,,,,0.0,,0.0,2.0,0.0,21.0,0.0,,,,,0.0,0.0,,,1.0,0.0,,0.0,0.0,0.0,0.0,0.0,,0.0,,0.0,0.0,,0.0,,,0.0,,0.0,,0.0,,,0.0,,0.0,,,,,0.0,,16.0,0.0,0.0,,,,0.0,0.0,0.0,,,0.0,,,,,,,0.0,,,,,0.0,,34.0,,,,0.0,0.0,,0.0,0.0,0.0,0.0,,0.0,,,0.0,,0.0,,,,,,,,,,0.0,,0.0,,,0.0,0.0,,0.0,0.0,,,,,0.0,,,,,,,,0.0,,,,,,,,0.0,,,,,,,,
2020-02-29,,2.0,0.0,,0.0,0.0,1.0,0.0,2872.0,,,5.0,,0.0,0.0,,,0.0,,,,,,,,,,,0.0,,,,0.0,,0.0,2.0,0.0,29.0,0.0,,,,,0.0,0.0,,,1.0,0.0,,1.0,0.0,0.0,0.0,0.0,,0.0,,0.0,0.0,,0.0,,,0.0,,0.0,,0.0,,,0.0,,0.0,,,,,0.0,,17.0,0.0,0.0,,,,0.0,0.0,1.0,,,0.0,,,,,,,0.0,,,,,0.0,,43.0,,,,0.0,0.0,,0.0,0.0,0.0,0.0,,0.0,,,0.0,,0.0,,,,,,,,,,0.0,,0.0,,,0.0,1.0,,0.0,0.0,,,,,0.0,,,,,,,,0.0,,,,,,,,0.0,,,,,,,,
2020-03-01,,2.0,0.0,,0.0,0.0,1.0,0.0,2914.0,,,6.0,,0.0,0.0,,,0.0,,,,,,,,,,,0.0,,,,0.0,,0.0,2.0,0.0,35.0,0.0,,,,,0.0,0.0,,,1.0,0.0,,1.0,0.0,0.0,0.0,0.0,,0.0,,0.0,0.0,,0.0,,,0.0,,0.0,,0.0,,,0.0,,0.0,,,,,0.0,,22.0,0.0,0.0,,,,0.0,0.0,2.0,,,0.0,,,,,,,0.0,,,,,0.0,,54.0,,,,1.0,0.0,,0.0,0.0,0.0,0.0,,0.0,,,0.0,,0.0,,,,,,,,,,0.0,,0.0,,,0.0,1.0,,0.0,0.0,,,,,0.0,,,,,,,,0.0,,,,,,,,0.0,,,,,,,,
2020-03-02,,2.0,0.0,,,0.0,1.0,,2946.0,,,6.0,,,,,,0.0,,,,,,,,,,,0.0,,,,,,,3.0,0.0,52.0,0.0,,,,,0.0,0.0,,,,,,1.0,0.0,,0.0,,0.0,,,0.0,,,,,,0.0,,,,0.0,,,,,0.0,0.0,,,,0.0,,28.0,0.0,,,,,0.0,,6.0,,,,,,,,,,0.0,,,,,0.0,,66.0,,,,,0.0,,0.0,,,0.0,,,,,,,,,,,,,0.0,,0.0,,,0.0,,,,0.0,,,0.0,0.0,,,,,,,,0.0,,,,,,,,,0.0,,,,,,,,,,,,
2020-03-03,,2.0,0.0,,,0.0,1.0,,2983.0,,,6.0,,0.0,,,,,,,,,,,,,,,0.0,,,,0.0,0.0,0.0,4.0,0.0,80.0,,0.0,,,,0.0,0.0,,,,0.0,,1.0,0.0,,,,0.0,0.0,,0.0,,,0.0,,,0.0,,,,0.0,,,,,0.0,,,,,0.0,,32.0,0.0,0.0,,,,0.0,0.0,9.0,,,0.0,,,,,,,,,,,,0.0,,77.0,,,,1.0,0.0,,0.0,,,0.0,,,,,,,,,,,0.0,,,,,,0.0,,,,,0.0,,,0.0,0.0,,,,,0.0,,,,,,,,0.0,,0.0,,,,,,,,,,,,,,
2020-03-04,,2.0,0.0,,,0.0,,,3014.0,,,6.0,,0.0,,,,0.0,,,,,,,,,,,0.0,,,,,,0.0,4.0,0.0,107.0,,,,,,0.0,0.0,,,,,,2.0,0.0,,0.0,,0.0,,,,0.0,,,,,0.0,,0.0,,0.0,,,,,0.0,,,,,1.0,,35.0,0.0,,,,,0.0,0.0,11.0,,,0.0,,,,,,,,,,,,0.0,,92.0,,,,1.0,0.0,,0.0,0.0,,0.0,0.0,,,,,,,,,,,,,0.0,,,0.0,,,,,0.0,1.0,,0.0,0.0,,,,,,,,,,,,,0.0,,0.0,,0.0,,,,,,,,,,,,
2020-03-05,,2.0,0.0,,,0.0,1.0,,3044.0,,,6.0,,0.0,,,,0.0,,,,,,,,,,,0.0,,,,0.0,0.0,0.0,7.0,0.0,148.0,0.0,,,,0.0,0.0,0.0,,,,,,2.0,0.0,,0.0,,0.0,0.0,,0.0,0.0,,0.0,,,0.0,,0.0,,0.0,,,0.0,,0.0,0.0,,,0.0,3.0,,42.0,0.0,,,,,0.0,0.0,12.0,,,0.0,,,,,,,0.0,,,,,2.0,,107.0,,,0.0,1.0,0.0,,1.0,0.0,,0.0,,,,,,,,,,,,,0.0,0.0,,,0.0,,,,0.0,0.0,,,0.0,0.0,,,,,0.0,,,,,,,,,,0.0,,0.0,,,,0.0,,,,,,,,
2020-03-06,,2.0,0.0,,,0.0,1.0,0.0,3072.0,,,6.0,,0.0,,,,,,0.0,,,,,,,,,0.0,,,0.0,,0.0,0.0,9.0,0.0,197.0,,0.0,,,,0.0,0.0,,,1.0,0.0,,2.0,0.0,0.0,,,0.0,0.0,,0.0,0.0,,0.0,0.0,,0.0,,,,0.0,,,0.0,,0.0,,,,,5.0,,44.0,0.0,0.0,,,,1.0,0.0,14.0,,0.0,0.0,,,,,,,0.0,,,,,,,124.0,,,0.0,1.0,0.0,,1.0,0.0,,0.0,0.0,,,,,,0.0,,,,,,,0.0,,,,,0.0,0.0,,1.0,1.0,,0.0,0.0,,,,,0.0,,,,0.0,,,,,,0.0,,,,,,0.0,,,,,,,,
2020-03-07,,3.0,0.0,,,0.0,1.0,,3099.0,,,6.0,,0.0,,,,,,,,,,,,,,,0.0,,,,0.0,1.0,0.0,10.0,0.0,233.0,0.0,0.0,0.0,,0.0,0.0,0.0,,0.0,1.0,0.0,,3.0,0.0,0.0,,,0.0,,,0.0,0.0,,0.0,0.0,,0.0,,0.0,,0.0,,,,,0.0,0.0,,,,5.0,,50.0,0.0,,,,,2.0,,17.0,0.0,,0.0,,,,,,,,,,,,2.0,,145.0,,,0.0,1.0,0.0,,1.0,0.0,,0.0,0.0,,,,0.0,,,,,,,,,0.0,,,,0.0,,,,1.0,,,0.0,0.0,,,,,,,,,,,,,,,,,,,,,,,,,,,,,
2020-03-08,,3.0,0.0,,,0.0,1.0,0.0,3122.0,,,7.0,,0.0,,,,,,,,,,,,0.0,,,0.0,,,,,1.0,0.0,19.0,0.0,366.0,0.0,0.0,,,0.0,0.0,0.0,,,1.0,0.0,,3.0,,0.0,0.0,,0.0,0.0,,,0.0,,0.0,0.0,,0.0,,0.0,,0.0,,,,,0.0,0.0,,,,5.0,,51.0,0.0,,,,,2.0,,21.0,0.0,0.0,0.0,,,,,,,0.0,,,0.0,,6.0,,194.0,,,,1.0,0.0,,2.0,0.0,,0.0,0.0,0.0,,,,,,,,,,,,0.0,,,0.0,,0.0,0.0,,3.0,,,0.0,0.0,,,,,,,,,0.0,,,,,,0.0,,,,,,1.0,,,,,,,,
2020-03-09,,3.0,0.0,0.0,0.0,0.0,,,3139.0,0.0,,9.0,,0.0,,,,0.0,,0.0,,0.0,,,,,,,1.0,,,,0.0,,0.0,30.0,0.0,464.0,0.0,0.0,,,0.0,0.0,2.0,,,1.0,0.0,,3.0,0.0,0.0,0.0,,0.0,0.0,,,,,0.0,,,0.0,,0.0,,0.0,,,,,0.0,0.0,,,,28.0,,54.0,0.0,0.0,,,,3.0,,26.0,,0.0,,,,,,,,0.0,,,0.0,,,,237.0,,,0.0,2.0,0.0,,2.0,0.0,,0.0,0.0,,,,,,0.0,,,,,,,,0.0,0.0,,,,0.0,,3.0,,,0.0,0.0,,,,,,,,,,,,,,,0.0,,,,,,1.0,,,,,,,,
2020-03-10,,3.0,0.0,,,0.0,1.0,0.0,3161.0,,,12.0,,0.0,,,,0.0,,,,1.0,,,,,,,1.0,,,0.0,0.0,1.0,0.0,33.0,0.0,631.0,0.0,0.0,0.0,,,0.0,2.0,,0.0,1.0,0.0,,3.0,0.0,0.0,0.0,,0.0,,,0.0,0.0,,0.0,0.0,,0.0,,0.0,,0.0,,,0.0,,0.0,0.0,,,,35.0,,60.0,0.0,0.0,,,,7.0,,28.0,,0.0,0.0,,,,,,,1.0,,,0.0,,6.0,0.0,291.0,,,0.0,2.0,0.0,,3.0,0.0,0.0,0.0,0.0,,,,0.0,,,,,,,,,0.0,0.0,,,,0.0,0.0,,4.0,1.0,,0.0,0.0,,,0.0,,0.0,,,,,,,,0.0,,0.0,,,,,,1.0,,,,,,,,
2020-03-11,,3.0,0.0,,,0.0,1.0,1.0,3172.0,0.0,,15.0,,0.0,,,,,,0.0,,1.0,,,,,,,1.0,,,0.0,,,0.0,48.0,0.0,827.0,0.0,0.0,,,0.0,0.0,3.0,,0.0,2.0,0.0,0.0,3.0,0.0,0.0,,0.0,0.0,0.0,,0.0,0.0,,0.0,0.0,,3.0,0.0,0.0,,0.0,,,0.0,,0.0,0.0,,,0.0,47.0,0.0,66.0,0.0,0.0,,,,7.0,,30.0,1.0,0.0,1.0,,,,,,,2.0,,,1.0,,8.0,,354.0,,,0.0,3.0,0.0,,4.0,1.0,0.0,0.0,0.0,0.0,,,,,,,0.0,,,,1.0,0.0,0.0,0.0,0.0,,0.0,0.0,,5.0,1.0,,0.0,1.0,0.0,,0.0,0.0,0.0,,,,,,,,0.0,,0.0,,,,,,1.0,,,,,,,,
2020-03-12,,4.0,0.0,,,0.0,1.0,,3179.0,0.0,,19.0,,0.0,,1.0,,,,,,1.0,,,,,,,1.0,0.0,,0.0,0.0,1.0,0.0,61.0,0.0,1016.0,0.0,1.0,0.0,,0.0,0.0,5.0,0.0,0.0,2.0,,0.0,3.0,1.0,0.0,,0.0,0.0,0.0,,0.0,0.0,,0.0,0.0,,3.0,,0.0,,0.0,,,0.0,,0.0,0.0,,0.0,0.0,84.0,0.0,67.0,1.0,0.0,,,,9.0,,40.0,1.0,0.0,1.0,,,,,,,2.0,,,1.0,,8.0,,429.0,,,,5.0,1.0,,4.0,1.0,,0.0,0.0,0.0,,,,,,,,,0.0,,1.0,0.0,0.0,,1.0,,0.0,0.0,0.0,5.0,,,0.0,1.0,0.0,,,,0.0,,,,,,,,0.0,,0.0,,0.0,,,0.0,2.0,,,,,,,,
2020-03-13,,4.0,0.0,,,0.0,1.0,4.0,3194.0,0.0,,21.0,,0.0,,,0.0,0.0,,0.0,,1.0,,,,,,,1.0,,,0.0,,2.0,0.0,79.0,0.0,1268.0,0.0,2.0,0.0,,0.0,0.0,5.0,,0.0,6.0,0.0,,3.0,2.0,0.0,1.0,0.0,0.0,0.0,0.0,0.0,0.0,,0.0,0.0,,3.0,0.0,0.0,0.0,0.0,,,,,0.0,0.0,,0.0,,121.0,0.0,72.0,1.0,0.0,,,,10.0,0.0,47.0,1.0,0.0,1.0,,,,,,,,,,1.0,,9.0,0.0,514.0,,,0.0,5.0,1.0,,7.0,1.0,0.0,0.0,0.0,0.0,,,,,0.0,,0.0,,,,1.0,0.0,0.0,0.0,2.0,,1.0,0.0,,5.0,1.0,,0.0,1.0,0.0,,,,0.0,,,0.0,,,,,,,0.0,,0.0,,,,2.0,,0.0,,,,,,
2020-03-14,,4.0,0.0,0.0,0.0,0.0,1.0,4.0,3203.0,0.0,,22.0,,0.0,0.0,,0.0,0.0,,0.0,0.0,1.0,0.0,,,0.0,,,1.0,0.0,,0.0,0.0,2.0,0.0,91.0,0.0,1441.0,0.0,3.0,,,0.0,0.0,8.0,0.0,0.0,6.0,0.0,,3.0,2.0,0.0,2.0,0.0,0.0,0.0,0.0,0.0,0.0,,0.0,0.0,,4.0,0.0,0.0,1.0,0.0,,0.0,0.0,,0.0,0.0,,0.0,,136.0,,75.0,1.0,0.0,,,,28.0,0.0,57.0,2.0,0.0,2.0,,0.0,,,,,3.0,,,1.0,,9.0,0.0,611.0,,,0.0,5.0,1.0,,11.0,3.0,0.0,0.0,0.0,0.0,0.0,0.0,0.0,7.0,0.0,,,,,,1.0,0.0,0.0,0.0,2.0,0.0,,0.0,0.0,12.0,1.0,,0.0,1.0,0.0,,0.0,0.0,0.0,,0.0,,0.0,,0.0,0.0,,,0.0,,0.0,,,,2.0,,0.0,,,,,,
2020-03-15,,4.0,0.0,,0.0,0.0,1.0,5.0,3216.0,0.0,,24.0,,0.0,,1.0,0.0,0.0,,0.0,1.0,1.0,0.0,,0.0,,,,1.0,0.0,,0.0,0.0,2.0,0.0,127.0,0.0,1811.0,0.0,3.0,0.0,,0.0,0.0,12.0,0.0,0.0,12.0,0.0,0.0,5.0,2.0,0.0,2.0,0.0,0.0,0.0,,0.0,0.0,,0.0,0.0,,4.0,,0.0,1.0,0.0,,0.0,0.0,,0.0,0.0,,0.0,0.0,288.0,0.0,75.0,1.0,0.0,,,,43.0,,69.0,2.0,0.0,2.0,,0.0,,,,,3.0,,,1.0,,9.0,0.0,724.0,,,0.0,7.0,1.0,,13.0,4.0,0.0,1.0,1.0,0.0,0.0,0.0,0.0,7.0,0.0,,0.0,0.0,0.0,,1.0,0.0,0.0,0.0,4.0,0.0,1.0,0.0,,20.0,1.0,,0.0,3.0,,,0.0,0.0,0.0,,0.0,0.0,0.0,,,0.0,0.0,0.0,0.0,,0.0,,,,2.0,,0.0,,,,,,
2020-03-16,,4.0,0.0,,0.0,0.0,1.0,5.0,3225.0,0.0,0.0,28.0,,0.0,0.0,1.0,0.0,0.0,,0.0,1.0,1.0,0.0,,0.0,0.0,,,4.0,0.0,,0.0,0.0,2.0,1.0,148.0,0.0,2158.0,0.0,4.0,0.0,,0.0,0.0,13.0,0.0,0.0,12.0,0.0,0.0,5.0,3.0,0.0,2.0,0.0,0.0,0.0,0.0,0.0,0.0,,0.0,0.0,,5.0,,0.0,1.0,0.0,0.0,0.0,0.0,,0.0,0.0,,0.0,0.0,309.0,0.0,81.0,3.0,0.0,,0.0,,65.0,,85.0,2.0,0.0,2.0,,0.0,,,,,3.0,,,1.0,,9.0,0.0,853.0,,,0.0,9.0,3.0,,14.0,4.0,0.0,1.0,1.0,0.0,0.0,0.0,0.0,7.0,0.0,,0.0,0.0,0.0,,1.0,0.0,0.0,0.0,4.0,0.0,1.0,0.0,0.0,24.0,1.0,,0.0,7.0,0.0,,0.0,0.0,0.0,,0.0,0.0,0.0,,,0.0,0.0,0.0,0.0,,0.0,0.0,0.0,,2.0,,0.0,,,,,,
2020-03-17,,4.0,0.0,0.0,0.0,0.0,1.0,5.0,3241.0,0.0,,28.0,,2.0,0.0,1.0,0.0,0.0,,0.0,1.0,1.0,0.0,,0.0,0.0,,0.0,8.0,0.0,,0.0,0.0,2.0,1.0,175.0,0.0,2505.0,0.0,5.0,0.0,,0.0,0.0,13.0,0.0,0.0,14.0,0.0,0.0,5.0,3.0,0.0,2.0,0.0,1.0,0.0,0.0,0.0,0.0,,0.0,0.0,,5.0,0.0,0.0,1.0,1.0,0.0,0.0,0.0,,0.0,0.0,,0.0,0.0,491.0,0.0,86.0,3.0,0.0,,0.0,,81.0,0.0,108.0,2.0,0.0,2.0,,0.0,,,0.0,,3.0,,,1.0,,11.0,0.0,988.0,,,0.0,11.0,3.0,,19.0,5.0,0.0,4.0,1.0,0.0,0.0,0.0,0.0,7.0,0.0,,0.0,0.0,0.0,,2.0,1.0,0.0,0.0,5.0,0.0,1.0,0.0,0.0,43.0,1.0,,0.0,8.0,0.0,,0.0,0.0,0.0,,0.0,0.0,0.0,,,0.0,0.0,0.0,0.0,,0.0,0.0,0.0,,4.0,,0.0,,,,,,
2020-03-18,,4.0,0.0,0.0,0.0,0.0,1.0,5.0,3249.0,0.0,,29.0,,2.0,0.0,1.0,0.0,0.0,,0.0,1.0,1.0,0.0,,0.0,0.0,,0.0,9.0,0.0,0.0,0.0,0.0,2.0,1.0,244.0,0.0,2978.0,0.0,5.0,0.0,0.0,0.0,0.0,13.0,0.0,1.0,17.0,0.0,1.0,6.0,3.0,0.0,3.0,0.0,2.0,0.0,0.0,0.0,0.0,,0.0,0.0,,14.0,1.0,0.0,1.0,4.0,0.0,0.0,0.0,,0.0,0.0,,0.0,0.0,598.0,0.0,91.0,3.0,0.0,,0.0,,115.0,0.0,150.0,2.0,1.0,2.0,,0.0,,,0.0,0.0,4.0,,,2.0,,12.0,0.0,1135.0,0.0,0.0,0.0,14.0,4.0,,21.0,5.0,0.0,4.0,1.0,0.0,0.0,0.0,0.0,7.0,0.0,,0.0,0.0,2.0,,2.0,1.0,0.0,0.0,6.0,0.0,2.0,0.0,0.0,58.0,1.0,,0.0,10.0,0.0,,1.0,0.0,0.0,,0.0,0.0,0.0,,,0.0,0.0,0.0,0.0,,0.0,0.0,0.0,,6.0,,0.0,,,0.0,,,
2020-03-19,,4.0,0.0,0.0,0.0,0.0,1.0,19.0,3253.0,0.0,,33.0,,2.0,0.0,1.0,0.0,0.0,,0.0,1.0,1.0,0.0,,0.0,0.0,0.0,0.0,10.0,0.0,0.0,0.0,0.0,3.0,1.0,372.0,1.0,3407.0,0.0,5.0,0.0,0.0,0.0,0.0,43.0,0.0,1.0,18.0,0.0,4.0,6.0,4.0,0.0,3.0,0.0,3.0,0.0,0.0,0.0,0.0,,0.0,0.0,,21.0,1.0,0.0,1.0,6.0,0.0,0.0,0.0,,0.0,0.0,,0.0,0.0,767.0,0.0,100.0,6.0,2.0,,0.0,,158.0,0.0,150.0,3.0,1.0,3.0,,0.0,,,0.0,0.0,4.0,,,2.0,,12.0,0.0,1284.0,0.0,0.0,0.0,14.0,6.0,,33.0,5.0,0.0,6.0,1.0,0.0,0.0,0.0,0.0,7.0,0.0,0.0,0.0,0.0,2.0,,2.0,1.0,0.0,0.0,7.0,0.0,4.0,2.0,0.0,76.0,1.0,0.0,0.0,10.0,0.0,,1.0,0.0,0.0,0.0,0.0,0.0,0.0,,,0.0,0.0,0.0,0.0,,0.0,0.0,0.0,0.0,6.0,,0.0,,,0.0,,0.0,
2020-03-20,,4.0,0.0,0.0,0.0,0.0,2.0,25.0,3259.0,0.0,,35.0,,2.0,0.0,1.0,0.0,0.0,,0.0,1.0,1.0,0.0,,0.0,0.0,0.0,0.0,12.0,1.0,0.0,1.0,0.0,3.0,1.0,450.0,1.0,4032.0,0.0,5.0,1.0,0.0,0.0,0.0,45.0,0.0,1.0,18.0,0.0,9.0,7.0,4.0,0.0,7.0,0.0,6.0,0.0,0.0,0.0,1.0,0.0,0.0,0.0,0.0,37.0,1.0,0.0,1.0,11.0,0.0,0.0,1.0,,0.0,0.0,,0.0,0.0,1002.0,0.0,103.0,7.0,3.0,,0.0,,194.0,0.0,260.0,3.0,2.0,3.0,0.0,0.0,,,0.0,0.0,4.0,,,2.0,,14.0,0.0,1433.0,0.0,0.0,0.0,14.0,6.0,,43.0,8.0,1.0,9.0,4.0,2.0,0.0,0.0,0.0,7.0,2.0,0.0,0.0,0.0,3.0,,3.0,1.0,1.0,0.0,10.0,0.0,5.0,3.0,0.0,106.0,1.0,0.0,0.0,16.0,0.0,,1.0,0.0,0.0,0.0,0.0,0.0,0.0,0.0,0.0,0.0,0.0,0.0,0.0,,0.0,0.0,0.0,,7.0,0.0,0.0,,,0.0,,0.0,
2020-03-21,,4.0,0.0,0.0,0.0,2.0,2.0,38.0,3265.0,0.0,,36.0,,4.0,0.0,1.0,0.0,0.0,0.0,1.0,1.0,3.0,0.0,,0.0,2.0,0.0,0.0,18.0,1.0,0.0,1.0,2.0,4.0,1.0,562.0,1.0,4827.0,0.0,5.0,1.0,0.0,0.0,0.0,67.0,1.0,1.0,25.0,0.0,21.0,7.0,4.0,0.0,7.0,0.0,12.0,1.0,0.0,0.0,1.0,0.0,0.0,0.0,0.0,67.0,1.0,0.0,1.0,18.0,0.0,0.0,1.0,,0.0,0.0,0.0,0.0,1.0,1326.0,0.0,104.0,7.0,3.0,,0.0,,250.0,0.0,340.0,3.0,2.0,3.0,0.0,0.0,0.0,,0.0,1.0,4.0,,,2.0,,17.0,1.0,1556.0,0.0,0.0,0.0,20.0,8.0,,56.0,13.0,1.0,13.0,4.0,2.0,0.0,0.0,0.0,7.0,3.0,0.0,0.0,0.0,3.0,,3.0,1.0,1.0,0.0,15.0,0.0,8.0,5.0,0.0,136.0,1.0,0.0,0.0,20.0,0.0,,3.0,0.0,0.0,0.0,0.0,0.0,0.0,0.0,0.0,0.0,0.0,0.0,0.0,,0.0,0.0,0.0,,8.0,0.0,0.0,,,0.0,,1.0,
2020-03-22,,4.0,0.0,0.0,0.0,2.0,2.0,48.0,3274.0,0.0,,41.0,,10.0,0.0,1.0,0.0,0.0,0.0,2.0,1.0,3.0,0.0,,0.0,3.0,0.0,0.0,20.0,1.0,0.0,1.0,2.0,4.0,2.0,674.0,1.0,5476.0,0.0,7.0,1.0,0.0,0.0,1.0,94.0,1.0,1.0,25.0,0.0,30.0,7.0,7.0,0.0,14.0,0.0,14.0,1.0,0.0,0.0,1.0,0.0,2.0,0.0,0.0,75.0,1.0,0.0,1.0,25.0,0.0,0.0,1.0,,0.0,0.0,0.0,0.0,1.0,1720.0,0.0,113.0,7.0,5.0,,0.0,0.0,285.0,0.0,471.0,3.0,2.0,4.0,0.0,0.0,0.0,,0.0,1.0,4.0,0.0,,2.0,,20.0,2.0,1685.0,0.0,0.0,0.0,20.0,16.0,,60.0,15.0,1.0,13.0,7.0,2.0,0.0,0.0,0.0,7.0,3.0,0.0,0.0,0.0,3.0,,4.0,1.0,3.0,0.0,17.0,0.0,8.0,5.0,0.0,179.0,1.0,0.0,0.0,21.0,0.0,,3.0,0.0,0.0,0.0,0.0,0.0,0.0,0.0,0.0,0.0,0.0,0.0,1.0,,0.0,0.0,0.0,,10.0,0.0,0.0,,,0.0,,2.0,0.0
2020-03-23,,4.0,0.0,0.0,1.0,2.0,2.0,49.0,3281.0,0.0,0.0,42.0,,14.0,0.0,1.0,0.0,0.0,0.0,3.0,1.0,6.0,0.0,,0.0,3.0,0.0,0.0,24.0,1.0,0.0,1.0,2.0,4.0,2.0,860.0,2.0,6077.0,0.0,8.0,1.0,0.0,0.0,1.0,126.0,2.0,1.0,33.0,0.0,37.0,7.0,9.0,0.0,18.0,0.0,23.0,1.0,0.0,0.0,1.0,0.0,7.0,0.0,1.0,88.0,1.0,0.0,1.0,34.0,0.0,0.0,1.0,,0.0,0.0,0.0,0.0,1.0,2182.0,0.0,120.0,8.0,6.0,,0.0,0.0,359.0,0.0,590.0,3.0,2.0,6.0,0.0,0.0,0.0,,1.0,1.0,4.0,0.0,,4.0,0.0,23.0,2.0,1812.0,0.0,0.0,0.0,20.0,25.0,,66.0,17.0,1.0,24.0,8.0,4.0,0.0,0.0,1.0,7.0,3.0,0.0,0.0,0.0,3.0,,4.0,1.0,3.0,0.0,17.0,0.0,8.0,5.0,0.0,213.0,4.0,0.0,0.0,25.0,0.0,,3.0,0.0,0.0,0.0,0.0,0.0,0.0,0.0,0.0,0.0,0.0,0.0,2.0,,0.0,0.0,0.0,0.0,14.0,0.0,0.0,,,0.0,,2.0,0.0
2020-03-24,,4.0,0.0,0.0,1.0,2.0,2.0,55.0,3285.0,0.0,0.0,43.0,,15.0,0.0,1.0,0.0,0.0,0.0,3.0,1.0,6.0,0.0,,0.0,4.0,0.0,0.0,27.0,1.0,0.0,1.0,2.0,6.0,3.0,1100.0,2.0,6820.0,0.0,10.0,3.0,0.0,0.0,3.0,149.0,2.0,1.0,35.0,0.0,44.0,8.0,9.0,0.0,27.0,0.0,33.0,1.0,0.0,1.0,3.0,0.0,11.0,0.0,1.0,122.0,1.0,0.0,1.0,46.0,0.0,0.0,1.0,,0.0,1.0,0.0,0.0,2.0,2696.0,1.0,126.0,10.0,7.0,,0.0,0.0,508.0,0.0,801.0,3.0,2.0,7.0,1.0,0.0,0.0,,1.0,1.0,4.0,0.0,,5.0,0.0,27.0,3.0,1934.0,0.0,0.0,0.0,21.0,30.0,,86.0,20.0,2.0,32.0,10.0,5.0,0.0,0.0,1.0,7.0,6.0,0.0,0.0,0.0,3.0,,5.0,3.0,3.0,3.0,19.0,0.0,8.0,7.0,0.0,276.0,4.0,0.0,0.0,36.0,0.0,0.0,3.0,0.0,0.0,0.0,0.0,0.0,1.0,1.0,0.0,0.0,0.0,0.0,2.0,0.0,0.0,0.0,0.0,0.0,19.0,0.0,0.0,,,0.0,,2.0,0.0
2020-03-25,,4.0,0.0,0.0,1.0,2.0,2.0,58.0,3291.0,0.0,0.0,45.0,,19.0,0.0,1.0,0.0,0.0,0.0,4.0,1.0,6.0,0.0,,0.0,5.0,0.0,0.0,35.0,1.0,0.0,2.0,2.0,8.0,3.0,1331.0,2.0,7505.0,0.0,14.0,3.0,0.0,0.0,6.0,198.0,3.0,1.0,38.0,0.0,59.0,11.0,13.0,0.0,29.0,0.0,43.0,3.0,0.0,1.0,5.0,0.0,13.0,0.0,1.0,178.0,1.0,0.0,1.0,57.0,0.0,0.0,2.0,,0.0,2.0,0.0,1.0,3.0,3434.0,1.0,131.0,12.0,8.0,,0.0,0.0,694.0,0.0,1050.0,3.0,2.0,9.0,1.0,0.0,0.0,,1.0,1.0,4.0,0.0,,5.0,0.0,29.0,3.0,2077.0,0.0,0.0,0.0,21.0,34.0,,103.0,22.0,4.0,34.0,10.0,5.0,0.0,0.0,1.0,7.0,10.0,0.0,0.0,0.0,4.0,,6.0,4.0,5.0,3.0,21.0,0.0,8.0,8.0,0.0,356.0,4.0,0.0,1.0,42.0,0.0,0.0,3.0,0.0,1.0,0.0,0.0,0.0,1.0,1.0,0.0,0.0,0.0,0.0,3.0,0.0,0.0,0.0,0.0,0.0,21.0,0.0,0.0,,,0.0,0.0,2.0,0.0
2020-03-26,,4.0,0.0,0.0,1.0,2.0,2.0,78.0,3296.0,0.0,0.0,46.0,,23.0,0.0,1.0,1.0,0.0,0.0,6.0,1.0,9.0,0.0,,0.0,5.0,0.0,0.0,39.0,1.0,0.0,3.0,2.0,12.0,4.0,1696.0,2.0,8165.0,0.0,16.0,3.0,0.0,2.0,9.0,253.0,3.0,1.0,45.0,0.0,75.0,13.0,17.0,0.0,34.0,0.0,60.0,4.0,0.0,2.0,8.0,0.0,17.0,0.0,1.0,220.0,2.0,0.0,1.0,77.0,0.0,0.0,3.0,,2.0,3.0,0.0,1.0,3.0,4089.0,1.0,139.0,14.0,9.0,,0.0,0.0,877.0,0.0,1296.0,3.0,2.0,19.0,1.0,0.0,0.0,,1.0,1.0,6.0,0.0,,6.0,0.0,36.0,4.0,2234.0,0.0,0.0,1.0,21.0,52.0,,161.0,26.0,4.0,41.0,10.0,8.0,1.0,0.0,1.0,7.0,10.0,0.0,1.0,0.0,5.0,,10.0,5.0,5.0,3.0,25.0,0.0,9.0,9.0,0.0,434.0,5.0,0.0,1.0,66.0,0.0,0.0,3.0,0.0,1.0,0.0,0.0,3.0,1.0,1.0,0.0,0.0,0.0,0.0,4.0,0.0,0.0,0.0,0.0,0.0,21.0,0.0,0.0,,,0.0,0.0,2.0,0.0
2020-03-27,,4.0,0.0,0.0,1.0,2.0,2.0,87.0,3299.0,0.0,0.0,49.0,,26.0,0.0,1.0,1.0,0.0,0.0,6.0,1.0,14.0,0.0,,0.0,5.0,0.0,0.0,53.0,1.0,0.0,6.0,2.0,17.0,4.0,1995.0,2.0,9136.0,0.0,16.0,3.0,0.0,2.0,9.0,325.0,3.0,2.0,54.0,0.0,92.0,13.0,19.0,0.0,41.0,0.0,76.0,7.0,0.0,3.0,10.0,0.0,24.0,0.0,1.0,289.0,2.0,0.0,1.0,92.0,0.0,0.0,3.0,2.0,4.0,3.0,0.0,2.0,3.0,4858.0,1.0,144.0,16.0,9.0,,0.0,0.0,1161.0,0.0,1707.0,3.0,2.0,22.0,1.0,0.0,0.0,,1.0,1.0,7.0,0.0,,9.0,0.0,40.0,4.0,2378.0,1.0,0.0,1.0,21.0,68.0,,197.0,28.0,5.0,52.0,11.0,12.0,1.0,0.0,2.0,7.0,20.0,0.0,1.0,0.0,5.0,,23.0,9.0,6.0,5.0,26.0,0.0,15.0,11.0,0.0,546.0,5.0,0.0,1.0,92.0,0.0,0.0,3.0,0.0,1.0,0.0,0.0,3.0,1.0,1.0,0.0,0.0,0.0,0.0,5.0,0.0,0.0,0.0,0.0,0.0,24.0,0.0,0.0,,,0.0,0.0,2.0,0.0
2020-03-28,,4.0,0.0,0.0,1.0,3.0,2.0,102.0,3304.0,1.0,0.0,52.0,,27.0,0.0,1.0,1.0,0.0,0.0,6.0,1.0,17.0,0.0,,1.0,5.0,0.0,0.0,60.0,1.0,0.0,10.0,2.0,19.0,4.0,2314.0,2.0,10023.0,0.0,18.0,3.0,0.0,2.0,11.0,389.0,5.0,2.0,68.0,1.0,108.0,14.0,25.0,0.0,48.0,1.0,100.0,9.0,0.0,5.0,12.0,0.0,29.0,0.0,1.0,353.0,3.0,0.0,1.0,114.0,0.0,0.0,4.0,3.0,5.0,4.0,0.0,2.0,5.0,5690.0,1.0,152.0,20.0,11.0,,0.0,0.0,1455.0,1.0,2191.0,7.0,2.0,36.0,1.0,0.0,0.0,,1.0,1.0,8.0,0.0,,10.0,0.0,42.0,6.0,2517.0,1.0,0.0,1.0,22.0,68.0,,235.0,32.0,7.0,65.0,13.0,16.0,1.0,0.0,3.0,7.0,28.0,0.0,2.0,0.0,8.0,,23.0,9.0,6.0,5.0,29.0,1.0,18.0,16.0,0.0,639.0,6.0,0.0,1.0,102.0,0.0,0.0,9.0,0.0,1.0,0.0,0.0,4.0,2.0,1.0,0.0,0.0,0.0,0.0,6.0,0.0,0.0,0.0,1.0,0.0,30.0,0.0,0.0,,,0.0,0.0,2.0,0.0
2020-03-29,,4.0,0.0,0.0,1.0,3.0,5.0,114.0,3306.0,1.0,0.0,54.0,,34.0,0.0,1.0,1.0,0.0,0.0,10.0,1.0,24.0,0.0,,1.0,5.0,0.0,0.0,61.0,1.0,0.0,13.0,2.0,20.0,4.0,2606.0,2.0,10781.0,0.0,22.0,3.0,0.0,2.0,16.0,455.0,5.0,2.0,71.0,1.0,131.0,16.0,29.0,0.0,58.0,1.0,119.0,11.0,0.0,6.0,15.0,0.0,40.0,0.0,1.0,431.0,3.0,0.0,1.0,136.0,0.0,0.0,4.0,5.0,8.0,8.0,0.0,3.0,6.0,6528.0,1.0,158.0,22.0,13.0,,0.0,1.0,1669.0,1.0,2509.0,8.0,2.0,46.0,1.0,0.0,2.0,,1.0,1.0,10.0,0.0,,10.0,0.0,42.0,8.0,2640.0,1.0,0.0,1.0,24.0,86.0,,257.0,38.0,7.0,72.0,15.0,20.0,1.0,0.0,4.0,7.0,39.0,0.0,3.0,0.0,9.0,,26.0,11.0,8.0,6.0,31.0,1.0,21.0,18.0,0.0,771.0,7.0,0.0,1.0,110.0,3.0,0.0,9.0,1.0,3.0,0.0,1.0,6.0,2.0,1.0,0.0,1.0,0.0,0.0,7.0,0.0,0.0,0.0,1.0,0.0,36.0,0.0,0.0,,,0.0,0.0,3.0,0.0
2020-03-30,,4.0,0.0,0.0,2.0,3.0,5.0,122.0,3309.0,1.0,0.0,56.0,,37.0,0.0,1.0,1.0,0.0,0.0,14.0,1.0,26.0,0.0,,2.0,5.0,0.0,0.0,89.0,1.0,0.0,13.0,5.0,24.0,4.0,3024.0,2.0,11591.0,0.0,31.0,3.0,0.0,3.0,24.0,583.0,5.0,2.0,88.0,1.0,168.0,19.0,32.0,0.0,62.0,1.0,140.0,13.0,0.0,6.0,17.0,0.0,44.0,0.0,1.0,513.0,4.0,0.0,2.0,159.0,0.0,0.0,4.0,6.0,10.0,8.0,0.0,3.0,8.0,7340.0,1.0,163.0,26.0,18.0,,0.0,2.0,2043.0,1.0,3170.0,8.0,2.0,54.0,1.0,0.0,2.0,,1.0,1.0,11.0,0.0,,12.0,0.0,46.0,8.0,2757.0,1.0,0.0,1.0,25.0,108.0,,295.0,43.0,7.0,77.0,16.0,28.0,3.0,0.0,4.0,7.0,42.0,0.0,7.0,0.0,11.0,,33.0,11.0,8.0,7.0,35.0,5.0,22.0,24.0,0.0,864.0,10.0,0.0,1.0,146.0,6.0,0.0,12.0,1.0,3.0,0.0,1.0,8.0,2.0,3.0,0.0,1.0,0.0,0.0,8.0,0.0,0.0,0.0,1.0,,40.0,0.0,0.0,,,0.0,0.0,3.0,0.0
2020-03-31,0.0,4.0,0.0,0.0,2.0,3.0,5.0,136.0,3310.0,1.0,1.0,56.0,,43.0,0.0,2.0,1.0,1.0,0.0,16.0,1.0,30.0,0.0,,2.0,5.0,0.0,0.0,96.0,1.0,0.0,23.0,6.0,24.0,4.0,3523.0,2.0,12430.0,0.0,33.0,3.0,1.0,5.0,31.0,732.0,5.0,4.0,88.0,2.0,214.0,20.0,35.0,0.0,79.0,2.0,160.0,17.0,0.0,6.0,20.0,0.0,69.0,0.0,1.0,705.0,6.0,0.0,2.0,201.0,0.0,0.0,5.0,8.0,17.0,10.0,0.0,3.0,12.0,8189.0,1.0,163.0,28.0,26.0,0.0,0.0,2.0,2425.0,1.0,4079.0,8.0,2.0,71.0,1.0,0.0,2.0,,1.0,3.0,12.0,0.0,,15.0,0.0,50.0,8.0,2898.0,1.0,0.0,1.0,26.0,128.0,,373.0,49.0,7.0,90.0,20.0,29.0,3.0,0.0,4.0,7.0,51.0,0.0,10.0,2.0,13.0,,36.0,13.0,9.0,8.0,44.0,5.0,23.0,30.0,0.0,1039.0,10.0,0.0,1.0,180.0,7.0,0.0,12.0,1.0,4.0,0.0,1.0,12.0,6.0,3.0,0.0,1.0,0.0,0.0,12.0,0.0,0.0,0.0,1.0,0.0,41.0,0.0,0.0,0.0,,0.0,1.0,3.0,0.0
2020-04-01,1.0,4.0,0.0,0.0,2.0,4.0,5.0,157.0,3316.0,1.0,1.0,57.0,,45.0,0.0,4.0,1.0,1.0,0.0,17.0,1.0,32.0,0.0,,2.0,6.0,0.0,0.0,109.0,1.0,1.0,23.0,6.0,31.0,4.0,4032.0,2.0,13157.0,0.0,43.0,3.0,2.0,5.0,39.0,872.0,5.0,5.0,96.0,2.0,277.0,21.0,50.0,0.0,120.0,2.0,187.0,17.0,0.0,6.0,21.0,0.0,85.0,0.0,1.0,828.0,6.0,0.0,2.0,241.0,0.0,0.0,5.0,11.0,24.0,16.0,0.0,5.0,13.0,9053.0,3.0,169.0,32.0,31.0,0.0,0.0,2.0,3095.0,1.0,5138.0,10.0,2.0,85.0,1.0,0.0,2.0,,1.0,3.0,12.0,0.0,,15.0,0.0,50.0,11.0,3036.0,1.0,0.0,1.0,26.0,146.0,,378.0,50.0,8.0,104.0,21.0,37.0,3.0,0.0,4.0,7.0,57.0,0.0,14.0,2.0,20.0,,39.0,15.0,10.0,9.0,58.0,5.0,29.0,47.0,0.0,1173.0,12.0,0.0,1.0,239.0,8.0,0.0,14.0,1.0,5.0,0.0,2.0,14.0,6.0,5.0,0.0,2.0,0.0,0.0,16.0,0.0,1.0,0.0,1.0,0.0,46.0,0.0,0.0,0.0,,0.0,1.0,5.0,0.0
2020-04-02,1.0,4.0,0.0,0.0,2.0,5.0,5.0,170.0,3326.0,1.0,1.0,63.0,,50.0,0.0,4.0,3.0,1.0,0.0,19.0,1.0,37.0,0.0,,2.0,6.0,0.0,0.0,138.0,1.0,1.0,31.0,8.0,34.0,4.0,4503.0,4.0,13917.0,0.0,57.0,3.0,2.0,5.0,44.0,1017.0,5.0,6.0,107.0,3.0,356.0,23.0,56.0,0.0,120.0,3.0,209.0,19.0,0.0,7.0,34.0,0.0,94.0,0.0,1.0,1011.0,6.0,0.0,2.0,299.0,0.0,0.0,5.0,12.0,30.0,21.0,0.0,6.0,17.0,10003.0,3.0,174.0,42.0,31.0,0.0,0.0,2.0,3747.0,1.0,6053.0,10.0,2.0,98.0,1.0,1.0,2.0,,1.0,3.0,16.0,0.0,0.0,16.0,0.0,54.0,11.0,3160.0,1.0,1.0,1.0,30.0,158.0,,432.0,53.0,9.0,123.0,26.0,50.0,3.0,0.0,4.0,7.0,60.0,0.0,15.0,3.0,20.0,,44.0,16.0,13.0,9.0,63.0,5.0,30.0,55.0,0.0,1339.0,15.0,0.0,1.0,282.0,9.0,0.0,16.0,1.0,11.0,0.0,3.0,15.0,7.0,5.0,0.0,4.0,4.0,0.0,18.0,1.0,1.0,0.0,1.0,0.0,52.0,0.0,0.0,0.0,,0.0,3.0,7.0,0.0
2020-04-03,1.0,4.0,0.0,0.0,2.0,5.0,5.0,181.0,3330.0,1.0,1.0,69.0,,53.0,0.0,4.0,4.0,1.0,0.0,25.0,1.0,41.0,0.0,,2.0,6.0,0.0,0.0,187.0,1.0,1.0,39.0,8.0,37.0,4.0,6507.0,4.0,14681.0,0.0,71.0,3.0,3.0,7.0,53.0,1158.0,5.0,8.0,136.0,3.0,425.0,30.0,68.0,0.0,145.0,4.0,246.0,20.0,0.0,8.0,39.0,0.0,133.0,0.0,1.0,1143.0,6.0,0.0,2.0,359.0,0.0,0.0,5.0,15.0,34.0,21.0,0.0,6.0,18.0,10935.0,3.0,177.0,44.0,31.0,0.0,0.0,2.0,4461.0,1.0,7157.0,14.0,2.0,120.0,1.0,1.0,2.0,,1.0,4.0,16.0,0.0,0.0,17.0,0.0,54.0,13.0,3160.0,1.0,1.0,1.0,32.0,168.0,,484.0,59.0,9.0,139.0,32.0,60.0,3.0,0.0,4.0,7.0,68.0,0.0,15.0,3.0,23.0,,44.0,20.0,13.0,9.0,105.0,5.0,31.0,61.0,0.0,1487.0,19.0,0.0,1.0,333.0,10.0,0.0,16.0,1.0,12.0,0.0,3.0,16.0,8.0,5.0,1.0,4.0,4.0,0.0,22.0,1.0,1.0,0.0,1.0,0.0,52.0,0.0,0.0,0.0,,0.0,3.0,7.0,0.0
2020-04-04,1.0,4.0,0.0,0.0,4.0,6.0,5.0,191.0,3333.0,1.0,1.0,70.0,,57.0,0.0,4.0,4.0,2.0,0.0,32.0,2.0,46.0,0.0,,2.0,8.0,0.0,0.0,231.0,1.0,1.0,44.0,10.0,43.0,4.0,7560.0,4.0,15362.0,1.0,79.0,3.0,3.0,9.0,59.0,1342.0,5.0,12.0,144.0,3.0,501.0,34.0,77.0,0.0,172.0,5.0,266.0,25.0,0.0,12.0,46.0,0.0,141.0,0.0,1.0,1283.0,6.0,0.0,2.0,432.0,1.0,0.0,5.0,18.0,43.0,29.0,0.0,6.0,21.0,11744.0,3.0,183.0,50.0,35.0,0.0,0.0,2.0,5221.0,1.0,8501.0,17.0,2.0,137.0,1.0,1.0,2.0,,1.0,4.0,17.0,0.0,0.0,19.0,0.0,56.0,18.0,3452.0,1.0,1.0,,32.0,186.0,,540.0,68.0,9.0,161.0,34.0,79.0,5.0,0.0,5.0,7.0,77.0,0.0,22.0,5.0,28.0,,59.0,22.0,18.0,9.0,130.0,5.0,31.0,73.0,0.0,1651.0,23.0,0.0,1.0,373.0,10.0,0.0,16.0,2.0,13.0,0.0,3.0,17.0,9.0,5.0,1.0,5.0,5.0,0.0,27.0,1.0,2.0,0.0,1.0,0.0,66.0,0.0,0.0,0.0,,0.0,3.0,7.0,0.0
2020-04-05,1.0,4.0,0.0,0.0,5.0,6.0,5.0,198.0,3335.0,1.0,1.0,73.0,,61.0,0.0,4.0,4.0,2.0,0.0,35.0,3.0,54.0,0.0,,2.0,9.0,0.0,1.0,280.0,1.0,4.0,51.0,10.0,46.0,4.0,8078.0,4.0,15889.0,1.0,94.0,5.0,3.0,11.0,67.0,1434.0,5.0,15.0,152.0,4.0,574.0,36.0,109.0,0.0,180.0,5.0,295.0,27.0,0.0,15.0,49.0,0.0,148.0,0.0,1.0,1447.0,8.0,2.0,2.0,486.0,3.0,0.0,7.0,20.0,45.0,34.0,0.0,7.0,24.0,12418.0,3.0,186.0,58.0,50.0,0.0,0.0,2.0,5865.0,1.0,9647.0,20.0,2.0,158.0,1.0,1.0,2.0,,1.0,4.0,18.0,0.0,0.0,21.0,1.0,61.0,18.0,3603.0,1.0,1.0,1.0,32.0,204.0,0.0,559.0,73.0,13.0,179.0,38.0,94.0,5.0,0.0,7.0,7.0,82.0,0.0,22.0,5.0,32.0,,70.0,28.0,19.0,9.0,152.0,5.0,36.0,83.0,0.0,1766.0,26.0,0.0,1.0,401.0,11.0,0.0,17.0,3.0,15.0,0.0,5.0,18.0,9.0,10.0,1.0,6.0,8.0,0.0,34.0,1.0,2.0,0.0,1.0,0.0,71.0,0.0,2.0,0.0,,0.0,5.0,7.0,0.0
2020-04-06,1.0,4.0,0.0,0.0,5.0,6.0,5.0,209.0,3335.0,1.0,1.0,80.0,,62.0,0.0,5.0,4.0,2.0,0.0,46.0,3.0,55.0,0.0,,2.0,12.0,2.0,2.0,323.0,1.0,4.0,58.0,11.0,53.0,4.0,8911.0,6.0,16525.0,1.0,107.0,5.0,4.0,12.0,78.0,1607.0,5.0,19.0,163.0,4.0,649.0,42.0,114.0,0.0,191.0,5.0,311.0,27.0,0.0,16.0,57.0,0.0,157.0,2.0,1.0,1632.0,9.0,2.0,2.0,553.0,3.0,0.0,7.0,21.0,47.0,38.0,0.0,8.0,28.0,13055.0,3.0,192.0,59.0,54.0,0.0,1.0,2.0,6433.0,1.0,10989.0,22.0,2.0,174.0,1.0,1.0,2.0,,1.0,4.0,19.0,0.0,0.0,22.0,1.0,64.0,18.0,3739.0,1.0,1.0,1.0,32.0,220.0,0.0,584.0,79.0,14.0,187.0,47.0,125.0,5.0,0.0,7.0,7.0,86.0,0.0,22.0,5.0,38.0,,80.0,30.0,22.0,9.0,173.0,6.0,41.0,92.0,0.0,1867.0,26.0,0.0,4.0,477.0,14.0,0.0,17.0,3.0,19.0,1.0,6.0,21.0,9.0,10.0,1.0,6.0,13.0,0.0,37.0,1.0,2.0,0.0,1.0,0.0,78.0,0.0,2.0,0.0,,0.0,5.0,7.0,0.0
2020-04-07,1.0,4.0,0.0,0.0,6.0,6.0,5.0,221.0,3337.0,1.0,1.0,80.0,,63.0,0.0,5.0,6.0,2.0,0.0,50.0,3.0,59.0,0.0,,2.0,17.0,2.0,3.0,380.0,1.0,4.0,61.0,12.0,60.0,5.0,10328.0,6.0,17129.0,1.0,129.0,5.0,4.0,13.0,88.0,1861.0,5.0,22.0,177.0,6.0,725.0,45.0,149.0,0.0,220.0,6.0,345.0,34.0,0.0,18.0,65.0,0.0,182.0,2.0,1.0,2035.0,11.0,3.0,2.0,667.0,3.0,0.0,8.0,23.0,58.0,41.0,0.0,8.0,32.0,13798.0,3.0,200.0,69.0,58.0,0.0,1.0,2.0,7471.0,1.0,12895.0,23.0,2.0,210.0,1.0,1.0,2.0,,1.0,4.0,19.0,0.0,1.0,22.0,1.0,64.0,18.0,3872.0,1.0,1.0,1.0,34.0,243.0,0.0,641.0,81.0,15.0,203.0,58.0,141.0,7.0,0.0,11.0,7.0,98.0,0.0,22.0,5.0,45.0,,90.0,36.0,22.0,9.0,193.0,6.0,44.0,107.0,0.0,2101.0,30.0,0.0,5.0,591.0,15.0,0.0,19.0,3.0,21.0,1.0,6.0,22.0,9.0,11.0,1.0,7.0,13.0,0.0,43.0,1.0,2.0,0.0,1.0,0.0,85.0,0.0,2.0,0.0,,0.0,5.0,7.0,0.0
2020-04-08,1.0,4.0,0.0,0.0,6.0,6.0,5.0,240.0,3339.0,1.0,3.0,81.0,,65.0,0.0,6.0,6.0,2.0,0.0,55.0,3.0,63.0,0.0,,3.0,20.0,3.0,3.0,435.0,1.0,4.0,65.0,12.0,65.0,5.0,10869.0,6.0,17669.0,1.0,159.0,5.0,5.0,18.0,99.0,2107.0,6.0,27.0,182.0,6.0,812.0,50.0,166.0,0.0,242.0,7.0,380.0,40.0,0.0,19.0,71.0,0.0,209.0,2.0,2.0,2240.0,12.0,3.0,2.0,800.0,4.0,0.0,8.0,24.0,63.0,41.0,0.0,8.0,35.0,14555.0,4.0,204.0,80.0,63.0,0.0,1.0,2.0,8505.0,1.0,14817.0,24.0,2.0,235.0,1.0,1.0,2.0,,1.0,4.0,19.0,0.0,1.0,22.0,1.0,69.0,20.0,3993.0,1.0,1.0,1.0,34.0,273.0,0.0,705.0,83.0,15.0,218.0,66.0,174.0,8.0,0.0,14.0,7.0,108.0,0.0,23.0,5.0,52.0,,93.0,40.0,23.0,9.0,205.0,6.0,46.0,121.0,0.0,2248.0,32.0,0.0,5.0,687.0,18.0,0.0,23.0,3.0,24.0,1.0,7.0,23.0,10.0,11.0,1.0,7.0,13.0,0.0,48.0,1.0,2.0,0.0,1.0,0.0,103.0,0.0,2.0,0.0,,0.0,7.0,7.0,0.0
2020-04-09,1.0,4.0,0.0,0.0,7.0,6.0,5.0,280.0,3340.0,1.0,3.0,85.0,,67.0,0.0,6.0,7.0,3.0,0.0,69.0,3.0,66.0,0.0,,3.0,21.0,4.0,3.0,509.0,1.0,5.0,66.0,14.0,79.0,5.0,12210.0,6.0,18281.0,1.0,174.0,6.0,6.0,18.0,112.0,2373.0,6.0,29.0,203.0,6.0,908.0,52.0,199.0,0.0,272.0,7.0,409.0,42.0,0.0,20.0,86.0,0.0,229.0,2.0,3.0,2523.0,15.0,3.0,2.0,941.0,4.0,0.0,9.0,33.0,76.0,44.0,0.0,8.0,36.0,15238.0,4.0,208.0,88.0,66.0,0.0,1.0,2.0,9608.0,2.0,16690.0,24.0,3.0,263.0,1.0,1.0,2.0,,1.0,4.0,19.0,0.0,1.0,23.0,1.0,69.0,20.0,4110.0,1.0,1.0,1.0,34.0,295.0,0.0,756.0,86.0,15.0,237.0,77.0,194.0,9.0,0.0,15.0,7.0,118.0,0.0,23.0,5.0,57.0,,97.0,43.0,25.0,10.0,235.0,7.0,52.0,138.0,0.0,2396.0,33.0,0.0,7.0,793.0,19.0,0.0,24.0,3.0,24.0,2.0,9.0,25.0,10.0,11.0,1.0,7.0,16.0,0.0,57.0,1.0,2.0,1.0,1.0,0.0,118.0,0.0,2.0,0.0,0.0,1.0,7.0,7.0,0.0
2020-04-10,1.0,4.0,0.0,0.0,7.0,6.0,5.0,306.0,3343.0,1.0,3.0,88.0,,70.0,0.0,6.0,7.0,3.0,0.0,80.0,3.0,74.0,0.0,,3.0,27.0,4.0,4.0,569.0,1.0,5.0,71.0,16.0,82.0,6.0,13197.0,7.0,18851.0,1.0,181.0,6.0,6.0,24.0,119.0,2544.0,6.0,29.0,203.0,6.0,1006.0,54.0,239.0,0.0,297.0,7.0,435.0,48.0,0.0,21.0,95.0,0.0,257.0,2.0,3.0,3019.0,15.0,3.0,2.0,1056.0,4.0,0.0,10.0,39.0,94.0,47.0,0.0,8.0,37.0,15843.0,4.0,208.0,92.0,71.0,0.0,1.0,2.0,10760.0,4.0,18777.0,25.0,3.0,287.0,1.0,1.0,2.0,,1.0,4.0,20.0,0.0,1.0,23.0,2.0,70.0,20.0,4232.0,1.0,2.0,2.0,34.0,319.0,0.0,805.0,90.0,17.0,247.0,85.0,233.0,9.0,0.0,15.0,7.0,126.0,0.0,24.0,5.0,69.0,,107.0,45.0,25.0,10.0,256.0,7.0,54.0,169.0,0.0,2511.0,35.0,0.0,7.0,870.0,20.0,0.0,26.0,3.0,24.0,2.0,10.0,26.0,10.0,11.0,1.0,7.0,19.0,0.0,65.0,1.0,2.0,1.0,3.0,0.0,135.0,0.0,2.0,0.0,0.0,1.0,7.0,9.0,0.0
2020-04-11,1.0,4.0,0.0,0.0,10.0,8.0,6.0,327.0,3343.0,1.0,3.0,98.0,,73.0,0.0,6.0,7.0,3.0,0.0,100.0,3.0,79.0,0.0,,4.0,30.0,4.0,4.0,653.0,1.0,5.0,74.0,20.0,89.0,6.0,13832.0,8.0,19470.0,1.0,208.0,6.0,6.0,25.0,129.0,2673.0,8.0,30.0,247.0,6.0,1101.0,57.0,273.0,0.0,315.0,7.0,470.0,49.0,0.0,21.0,101.0,0.0,282.0,2.0,3.0,3346.0,16.0,3.0,2.0,1124.0,5.0,0.0,11.0,42.0,106.0,52.0,0.0,8.0,37.0,16353.0,4.0,214.0,98.0,86.0,0.0,1.0,2.0,11599.0,4.0,20608.0,28.0,3.0,320.0,1.0,1.0,2.0,,1.0,5.0,20.0,0.0,2.0,23.0,2.0,72.0,20.0,4357.0,1.0,2.0,2.0,35.0,337.0,0.0,831.0,93.0,23.0,260.0,99.0,273.0,9.0,0.0,18.0,7.0,135.0,0.0,25.0,5.0,73.0,,111.0,50.0,28.0,10.0,275.0,7.0,62.0,181.0,0.0,2643.0,38.0,0.0,7.0,887.0,24.0,0.0,27.0,4.0,24.0,2.0,10.0,28.0,11.0,11.0,1.0,7.0,23.0,0.0,73.0,1.0,2.0,1.0,3.0,0.0,146.0,0.0,3.0,0.0,0.0,2.0,9.0,9.0,0.0
2020-04-12,1.0,4.0,0.0,0.0,10.0,8.0,6.0,373.0,3345.0,1.0,4.0,102.0,,76.0,0.0,6.0,8.0,4.0,0.0,109.0,5.0,87.0,0.0,,4.0,34.0,4.0,4.0,717.0,1.0,5.0,80.0,22.0,95.0,6.0,14393.0,8.0,19901.0,1.0,232.0,6.0,6.0,25.0,138.0,2799.0,8.0,32.0,297.0,7.0,1198.0,61.0,308.0,0.0,333.0,7.0,504.0,56.0,0.0,23.0,103.0,0.0,306.0,2.0,3.0,3600.0,18.0,3.0,2.0,1223.0,5.0,0.0,11.0,44.0,130.0,59.0,0.0,8.0,38.0,16972.0,4.0,217.0,103.0,93.0,0.0,1.0,2.0,12285.0,5.0,22108.0,29.0,3.0,334.0,1.0,1.0,2.0,,1.0,5.0,20.0,0.0,2.0,23.0,2.0,76.0,20.0,4474.0,1.0,2.0,2.0,35.0,350.0,0.0,858.0,98.0,24.0,273.0,109.0,296.0,9.0,0.0,18.0,7.0,173.0,0.0,25.0,5.0,83.0,,118.0,53.0,31.0,11.0,293.0,7.0,66.0,193.0,0.0,2737.0,40.0,0.0,7.0,899.0,27.0,0.0,27.0,5.0,25.0,3.0,10.0,29.0,12.0,12.0,1.0,8.0,26.0,0.0,80.0,1.0,2.0,2.0,3.0,0.0,159.0,0.0,3.0,0.0,0.0,2.0,9.0,9.0,0.0
2020-04-13,1.0,4.0,0.0,0.0,10.0,9.0,6.0,399.0,3345.0,1.0,4.0,109.0,,77.0,0.0,6.0,9.0,4.0,0.0,112.0,5.0,94.0,0.0,,4.0,39.0,4.0,4.0,780.0,1.0,5.0,85.0,25.0,98.0,7.0,14967.0,8.0,20465.0,2.0,245.0,7.0,6.0,27.0,143.0,2969.0,8.0,36.0,315.0,7.0,1296.0,61.0,339.0,0.0,355.0,7.0,535.0,59.0,0.0,25.0,116.0,0.0,318.0,2.0,3.0,3903.0,21.0,3.0,4.0,1328.0,6.0,0.0,12.0,45.0,148.0,65.0,0.0,8.0,38.0,17489.0,4.0,222.0,114.0,96.0,0.0,1.0,2.0,13029.0,9.0,23649.0,32.0,3.0,365.0,1.0,1.0,2.0,,1.0,5.0,20.0,0.0,2.0,23.0,2.0,78.0,20.0,4585.0,1.0,2.0,2.0,36.0,368.0,0.0,858.0,99.0,24.0,285.0,122.0,332.0,9.0,0.0,21.0,7.0,177.0,0.0,26.0,5.0,93.0,,126.0,55.0,34.0,12.0,313.0,7.0,67.0,193.0,0.0,2823.0,41.0,0.0,8.0,919.0,28.0,0.0,28.0,6.0,28.0,3.0,14.0,29.0,12.0,13.0,1.0,8.0,29.0,0.0,82.0,1.0,2.0,2.0,3.0,0.0,164.0,0.0,3.0,0.0,0.0,2.0,10.0,9.0,0.0
2020-04-14,1.0,4.0,0.0,0.0,11.0,10.0,6.0,459.0,3346.0,1.0,4.0,119.0,,82.0,0.0,6.0,9.0,4.0,0.0,127.0,5.0,95.0,0.0,,4.0,46.0,5.0,5.0,903.0,1.0,5.0,94.0,28.0,105.0,7.0,15729.0,8.0,21069.0,3.0,263.0,8.0,6.0,27.0,161.0,3254.0,8.0,40.0,335.0,7.0,1403.0,61.0,377.0,0.0,355.0,7.0,567.0,64.0,0.0,31.0,123.0,0.0,344.0,2.0,3.0,4157.0,21.0,3.0,5.0,1532.0,6.0,0.0,13.0,45.0,170.0,73.0,0.0,8.0,39.0,18276.0,5.0,225.0,127.0,107.0,1.0,1.0,2.0,14073.0,9.0,26057.0,35.0,3.0,406.0,1.0,1.0,2.0,,1.0,5.0,21.0,0.0,2.0,24.0,2.0,78.0,21.0,4683.0,1.0,2.0,2.0,36.0,384.0,0.0,900.0,101.0,24.0,299.0,134.0,406.0,9.0,0.0,23.0,7.0,183.0,0.0,31.0,5.0,98.0,,126.0,56.0,34.0,12.0,325.0,7.0,67.0,230.0,0.0,2945.0,43.0,0.0,8.0,1033.0,28.0,0.0,30.0,6.0,31.0,3.0,14.0,31.0,17.0,14.0,1.0,8.0,33.0,0.0,92.0,1.0,2.0,2.0,3.0,0.0,178.0,0.0,3.0,0.0,0.0,2.0,13.0,9.0,0.0
2020-04-15,1.0,4.0,0.0,0.0,12.0,10.0,6.0,469.0,3346.0,1.0,4.0,136.0,,83.0,0.0,6.0,10.0,4.0,0.0,131.0,5.0,103.0,0.0,,4.0,50.0,5.0,5.0,1010.0,1.0,5.0,99.0,33.0,109.0,7.0,17167.0,8.0,21647.0,3.0,286.0,8.0,6.0,34.0,166.0,3569.0,8.0,46.0,349.0,7.0,1518.0,63.0,414.0,0.0,388.0,7.0,599.0,72.0,1.0,34.0,130.0,0.0,372.0,6.0,3.0,4440.0,24.0,3.0,5.0,1736.0,6.0,0.0,13.0,51.0,198.0,79.0,0.0,8.0,40.0,18893.0,5.0,229.0,130.0,124.0,1.0,1.0,2.0,14915.0,9.0,30985.0,36.0,4.0,444.0,1.0,1.0,2.0,,1.0,5.0,21.0,0.0,2.0,25.0,2.0,79.0,22.0,4777.0,1.0,2.0,2.0,36.0,393.0,0.0,973.0,102.0,29.0,309.0,142.0,449.0,9.0,0.0,25.0,7.0,189.0,0.0,35.0,5.0,116.0,,127.0,61.0,35.0,12.0,336.0,7.0,69.0,254.0,0.0,3134.0,46.0,0.0,11.0,1203.0,29.0,0.0,32.0,6.0,35.0,3.0,16.0,33.0,17.0,14.0,1.0,9.0,36.0,0.0,94.0,1.0,2.0,5.0,4.0,1.0,183.0,0.0,3.0,0.0,0.0,2.0,13.0,9.0,0.0
2020-04-16,1.0,4.0,0.0,0.0,13.0,10.0,6.0,496.0,4636.0,1.0,4.0,148.0,,84.0,0.0,6.0,11.0,4.0,0.0,144.0,7.0,109.0,0.0,,4.0,60.0,5.0,5.0,1193.0,1.0,5.0,103.0,33.0,115.0,7.0,17920.0,8.0,22172.0,3.0,314.0,8.0,6.0,48.0,169.0,3868.0,8.0,54.0,362.0,7.0,1643.0,63.0,437.0,0.0,403.0,7.0,629.0,75.0,1.0,35.0,142.0,0.0,387.0,8.0,3.0,4857.0,27.0,3.0,5.0,1924.0,6.0,0.0,15.0,56.0,232.0,83.0,0.0,8.0,41.0,19478.0,5.0,230.0,136.0,135.0,1.0,1.0,2.0,15944.0,11.0,33284.0,38.0,4.0,486.0,1.0,1.0,2.0,,1.0,5.0,21.0,0.0,2.0,26.0,2.0,80.0,23.0,4869.0,1.0,2.0,2.0,38.0,410.0,0.0,1016.0,105.0,32.0,321.0,156.0,486.0,9.0,0.0,29.0,7.0,196.0,0.0,41.0,5.0,125.0,,130.0,61.0,37.0,12.0,348.0,7.0,69.0,274.0,0.0,3315.0,47.0,0.0,12.0,1333.0,31.0,0.0,32.0,6.0,36.0,3.0,17.0,33.0,21.0,15.0,1.0,9.0,40.0,0.0,105.0,1.0,2.0,5.0,4.0,1.0,196.0,0.0,3.0,0.0,0.0,2.0,13.0,9.0,0.0
2020-04-17,1.0,4.0,0.0,0.0,17.0,11.0,6.0,520.0,4636.0,1.0,5.0,154.0,,86.0,0.0,6.0,11.0,6.0,0.0,153.0,7.0,116.0,0.0,,4.0,75.0,5.0,5.0,1309.0,1.0,5.0,110.0,35.0,122.0,7.0,18681.0,8.0,22747.0,5.0,332.0,8.0,7.0,50.0,173.0,4110.0,8.0,56.0,387.0,7.0,1769.0,67.0,480.0,0.0,421.0,7.0,657.0,82.0,3.0,36.0,151.0,0.0,400.0,9.0,3.0,5163.0,31.0,3.0,5.0,2141.0,7.0,0.0,15.0,58.0,273.0,87.0,0.0,8.0,44.0,20043.0,5.0,232.0,136.0,143.0,1.0,1.0,2.0,16879.0,11.0,37054.0,41.0,4.0,530.0,1.0,1.0,2.0,,1.0,5.0,21.0,0.0,2.0,26.0,2.0,81.0,25.0,4958.0,1.0,2.0,2.0,39.0,431.0,0.0,1058.0,105.0,33.0,336.0,172.0,546.0,9.0,1.0,30.0,7.0,200.0,0.0,46.0,6.0,133.0,,135.0,66.0,37.0,12.0,364.0,7.0,72.0,300.0,0.0,3459.0,47.0,0.0,12.0,1400.0,31.0,0.0,35.0,6.0,38.0,3.0,17.0,35.0,21.0,18.0,1.0,9.0,42.0,0.0,116.0,1.0,3.0,5.0,5.0,2.0,205.0,0.0,3.0,0.0,0.0,2.0,13.0,9.0,0.0
2020-04-18,1.0,4.0,0.0,0.0,19.0,11.0,6.0,535.0,4636.0,1.0,5.0,161.0,,88.0,0.0,7.0,12.0,6.0,0.0,166.0,7.0,120.0,0.0,,5.0,84.0,5.0,5.0,1467.0,1.0,5.0,117.0,37.0,132.0,7.0,19323.0,9.0,23227.0,6.0,347.0,8.0,7.0,52.0,181.0,4294.0,9.0,60.0,397.0,8.0,1890.0,69.0,507.0,0.0,456.0,7.0,687.0,90.0,3.0,39.0,164.0,0.0,417.0,11.0,3.0,5453.0,32.0,4.0,10.0,2347.0,7.0,0.0,18.0,60.0,313.0,92.0,0.0,8.0,45.0,20453.0,5.0,234.0,148.0,159.0,1.0,1.0,2.0,17994.0,12.0,38910.0,41.0,4.0,571.0,1.0,1.0,2.0,,1.0,5.0,21.0,0.0,2.0,26.0,2.0,81.0,25.0,5031.0,1.0,2.0,2.0,39.0,443.0,0.0,1110.0,105.0,33.0,346.0,189.0,650.0,9.0,1.0,30.0,7.0,217.0,0.0,46.0,6.0,141.0,,137.0,70.0,37.0,12.0,367.0,7.0,72.0,348.0,0.0,3601.0,47.0,0.0,12.0,1511.0,32.0,0.0,36.0,8.0,38.0,3.0,17.0,35.0,21.0,19.0,1.0,9.0,45.0,0.0,126.0,1.0,3.0,7.0,5.0,2.0,224.0,0.0,3.0,0.0,0.0,2.0,13.0,9.0,0.0
2020-04-19,1.0,4.0,0.0,0.0,21.0,11.0,6.0,582.0,4636.0,1.0,5.0,171.0,,89.0,0.0,7.0,14.0,7.0,0.0,179.0,7.0,126.0,0.0,,5.0,91.0,5.0,5.0,1580.0,1.0,7.0,122.0,41.0,134.0,7.0,19718.0,9.0,23660.0,7.0,360.0,8.0,7.0,54.0,188.0,4404.0,9.0,67.0,409.0,8.0,2017.0,70.0,543.0,0.0,474.0,7.0,714.0,94.0,5.0,47.0,172.0,0.0,434.0,12.0,3.0,5683.0,34.0,4.0,10.0,2462.0,8.0,0.0,19.0,62.0,361.0,97.0,0.0,8.0,46.0,20852.0,5.0,236.0,154.0,176.0,1.0,1.0,3.0,18492.0,12.0,40682.0,43.0,4.0,610.0,1.0,1.0,2.0,,1.0,5.0,21.0,0.0,2.0,26.0,2.0,82.0,25.0,5118.0,1.0,3.0,2.0,39.0,452.0,0.0,1134.0,110.0,36.0,355.0,199.0,686.0,9.0,1.0,33.0,7.0,226.0,0.0,46.0,6.0,151.0,,141.0,74.0,38.0,12.0,375.0,7.0,73.0,400.0,0.0,3684.0,47.0,0.0,15.0,1540.0,33.0,0.0,36.0,9.0,40.0,3.0,19.0,36.0,42.0,20.0,1.0,10.0,47.0,0.0,133.0,1.0,4.0,7.0,5.0,2.0,239.0,0.0,3.0,0.0,0.0,2.0,14.0,9.0,0.0
2020-04-20,1.0,4.0,0.0,0.0,22.0,11.0,6.0,590.0,4636.0,1.0,5.0,186.0,,89.0,0.0,7.0,14.0,8.0,0.0,189.0,7.0,136.0,0.0,,5.0,101.0,5.0,5.0,1690.0,1.0,7.0,125.0,43.0,142.0,7.0,20265.0,10.0,24114.0,9.0,380.0,8.0,7.0,58.0,196.0,4598.0,9.0,70.0,428.0,9.0,2140.0,71.0,590.0,0.0,507.0,7.0,735.0,98.0,5.0,47.0,177.0,0.0,451.0,13.0,3.0,5828.0,36.0,4.0,12.0,2575.0,8.0,0.0,19.0,63.0,405.0,103.0,0.0,8.0,48.0,21282.0,6.0,237.0,154.0,192.0,1.0,1.0,3.0,19051.0,13.0,42539.0,43.0,6.0,687.0,1.0,1.0,2.0,,1.0,5.0,21.0,0.0,2.0,26.0,2.0,82.0,25.0,5209.0,2.0,3.0,2.0,39.0,462.0,0.0,1141.0,116.0,37.0,364.0,213.0,712.0,9.0,1.0,35.0,7.0,235.0,0.0,46.0,6.0,161.0,,143.0,74.0,38.0,12.0,384.0,7.0,75.0,445.0,0.0,3751.0,47.0,0.0,18.0,1580.0,34.0,0.0,38.0,10.0,40.0,3.0,19.0,36.0,42.0,20.0,1.0,10.0,51.0,0.0,139.0,1.0,5.0,8.0,5.0,2.0,250.0,0.0,3.0,0.0,0.0,2.0,14.0,9.0,0.0
2020-04-21,1.0,4.0,0.0,0.0,25.0,11.0,6.0,616.0,4636.0,1.0,5.0,186.0,,92.0,0.0,7.0,14.0,8.0,0.0,196.0,8.0,141.0,0.0,,6.0,110.0,5.0,5.0,1834.0,1.0,7.0,125.0,46.0,151.0,7.0,20796.0,10.0,24648.0,11.0,401.0,9.0,7.0,58.0,201.0,4879.0,9.0,73.0,437.0,9.0,2259.0,74.0,640.0,0.0,520.0,7.0,762.0,141.0,6.0,48.0,184.0,0.0,483.0,14.0,3.0,5998.0,38.0,4.0,12.0,2741.0,8.0,0.0,20.0,63.0,456.0,109.0,0.0,8.0,50.0,21717.0,6.0,238.0,163.0,209.0,1.0,1.0,3.0,20223.0,14.0,45063.0,45.0,6.0,730.0,1.0,1.0,2.0,,1.0,5.0,21.0,0.0,2.0,26.0,2.0,83.0,25.0,5297.0,2.0,3.0,2.0,40.0,463.0,0.0,1186.0,121.0,38.0,370.0,225.0,857.0,10.0,1.0,36.0,7.0,245.0,0.0,46.0,6.0,174.0,,145.0,77.0,38.0,12.0,392.0,7.0,78.0,484.0,0.0,3916.0,48.0,0.0,18.0,1765.0,37.0,0.0,38.0,13.0,43.0,4.0,19.0,37.0,42.0,20.0,1.0,12.0,55.0,0.0,147.0,1.0,5.0,8.0,8.0,2.0,264.0,0.0,3.0,0.0,0.0,2.0,14.0,9.0,0.0
2020-04-22,1.0,4.0,0.0,0.0,28.0,12.0,6.0,635.0,4636.0,1.0,5.0,287.0,,93.0,0.0,7.0,14.0,8.0,0.0,206.0,10.0,144.0,0.0,,7.0,120.0,5.0,6.0,1974.0,1.0,8.0,134.0,52.0,159.0,7.0,21340.0,10.0,25085.0,13.0,426.0,9.0,8.0,65.0,210.0,5094.0,9.0,76.0,446.0,10.0,2376.0,74.0,681.0,0.0,537.0,7.0,785.0,149.0,6.0,48.0,191.0,0.0,508.0,14.0,3.0,6262.0,40.0,5.0,13.0,2906.0,8.0,0.0,20.0,64.0,513.0,114.0,0.0,8.0,52.0,22157.0,6.0,240.0,169.0,209.0,1.0,1.0,3.0,21060.0,16.0,46784.0,49.0,6.0,769.0,1.0,1.0,2.0,,1.0,5.0,22.0,0.0,3.0,27.0,2.0,83.0,25.0,5391.0,2.0,3.0,2.0,40.0,494.0,0.0,1216.0,121.0,38.0,384.0,225.0,970.0,10.0,1.0,40.0,7.0,260.0,0.0,47.0,6.0,187.0,,149.0,79.0,38.0,14.0,402.0,7.0,80.0,530.0,0.0,4054.0,50.0,0.0,19.0,1937.0,40.0,0.0,39.0,14.0,44.0,4.0,19.0,37.0,43.0,22.0,1.0,12.0,58.0,0.0,160.0,1.0,6.0,14.0,10.0,2.0,264.0,0.0,3.0,0.0,0.0,2.0,17.0,9.0,0.0
2020-04-23,1.0,4.0,0.0,0.0,31.0,12.0,6.0,647.0,4636.0,1.0,5.0,317.0,,95.0,0.0,7.0,14.0,9.0,0.0,215.0,11.0,146.0,0.0,,7.0,127.0,5.0,6.0,2146.0,2.0,8.0,139.0,56.0,165.0,8.0,21856.0,10.0,25549.0,14.0,454.0,9.0,8.0,75.0,213.0,5321.0,9.0,80.0,462.0,10.0,2491.0,75.0,718.0,0.0,560.0,7.0,820.0,172.0,6.0,50.0,193.0,0.0,527.0,15.0,3.0,6490.0,43.0,5.0,13.0,3313.0,8.0,0.0,20.0,69.0,555.0,121.0,0.0,8.0,53.0,22524.0,6.0,240.0,180.0,237.0,1.0,1.0,3.0,21787.0,17.0,49963.0,52.0,6.0,794.0,1.0,1.0,2.0,,1.0,5.0,22.0,0.0,3.0,27.0,2.0,83.0,25.0,5481.0,2.0,3.0,2.0,40.0,508.0,0.0,1267.0,125.0,40.0,394.0,250.0,1069.0,10.0,1.0,42.0,7.0,265.0,0.0,47.0,6.0,193.0,,155.0,79.0,38.0,14.0,407.0,7.0,83.0,572.0,0.0,4177.0,50.0,0.0,19.0,2021.0,43.0,0.0,41.0,14.0,45.0,5.0,22.0,37.0,49.0,24.0,1.0,12.0,60.0,0.0,168.0,2.0,6.0,14.0,10.0,2.0,276.0,0.0,3.0,1.0,0.0,2.0,21.0,9.0,0.0
2020-04-24,1.0,4.0,0.0,0.0,32.0,12.0,6.0,689.0,4636.0,1.0,5.0,334.0,,96.0,0.0,8.0,14.0,10.0,0.0,225.0,11.0,154.0,0.0,,8.0,131.0,5.0,6.0,2302.0,3.0,8.0,144.0,64.0,167.0,8.0,22245.0,10.0,25969.0,15.0,494.0,9.0,8.0,79.0,215.0,5500.0,10.0,87.0,477.0,10.0,2600.0,79.0,775.0,0.0,576.0,7.0,880.0,177.0,6.0,51.0,194.0,0.0,552.0,17.0,4.0,6679.0,49.0,5.0,16.0,3670.0,8.0,0.0,21.0,77.0,615.0,127.0,0.0,8.0,54.0,22902.0,7.0,240.0,191.0,253.0,1.0,1.0,3.0,22792.0,18.0,51017.0,54.0,6.0,829.0,1.0,1.0,2.0,,1.0,5.0,22.0,0.0,3.0,27.0,2.0,86.0,28.0,5574.0,3.0,3.0,2.0,40.0,513.0,0.0,1308.0,130.0,40.0,403.0,262.0,1221.0,10.0,1.0,43.0,7.0,267.0,0.0,47.0,6.0,201.0,,158.0,80.0,38.0,14.0,415.0,7.0,85.0,634.0,0.0,4289.0,50.0,0.0,20.0,2152.0,44.0,0.0,41.0,14.0,46.0,5.0,25.0,40.0,49.0,24.0,1.0,12.0,63.0,0.0,174.0,2.0,7.0,16.0,10.0,2.0,294.0,0.0,3.0,3.0,0.0,2.0,21.0,9.0,0.0
2020-04-25,1.0,4.0,0.0,0.0,35.0,12.0,6.0,720.0,4636.0,1.0,5.0,348.0,,98.0,0.0,8.0,14.0,10.0,0.0,233.0,13.0,159.0,0.0,,8.0,140.0,5.0,6.0,2465.0,3.0,8.0,151.0,64.0,185.0,8.0,22614.0,10.0,26384.0,19.0,524.0,9.0,8.0,86.0,218.0,5640.0,10.0,94.0,494.0,10.0,2706.0,81.0,824.0,0.0,576.0,7.0,903.0,186.0,7.0,54.0,199.0,0.0,575.0,17.0,4.0,6917.0,51.0,5.0,17.0,4016.0,11.0,0.0,21.0,83.0,681.0,136.0,0.0,8.0,56.0,23190.0,7.0,242.0,193.0,269.0,1.0,1.0,3.0,23635.0,18.0,53189.0,55.0,6.0,1063.0,1.0,1.0,2.0,,1.0,5.0,24.0,0.0,3.0,27.0,2.0,86.0,28.0,5650.0,3.0,3.0,2.0,40.0,536.0,0.0,1328.0,130.0,41.0,418.0,272.0,1305.0,10.0,1.0,47.0,7.0,273.0,0.0,59.0,8.0,209.0,,159.0,81.0,38.0,14.0,419.0,7.0,85.0,700.0,0.0,4409.0,51.0,0.0,21.0,2192.0,46.0,0.0,41.0,14.0,46.0,6.0,25.0,40.0,53.0,27.0,1.0,14.0,67.0,0.0,181.0,2.0,7.0,18.0,10.0,2.0,307.0,0.0,3.0,3.0,0.0,2.0,21.0,9.0,0.0
2020-04-26,1.0,4.0,0.0,0.0,40.0,12.0,6.0,743.0,4637.0,1.0,5.0,351.0,,98.0,0.0,8.0,14.0,10.0,0.0,243.0,15.0,165.0,0.0,,8.0,145.0,5.0,6.0,2560.0,3.0,8.0,156.0,76.0,186.0,8.0,22856.0,10.0,26644.0,20.0,535.0,9.0,8.0,87.0,221.0,5750.0,11.0,96.0,501.0,10.0,2805.0,83.0,872.0,0.0,576.0,7.0,928.0,190.0,7.0,55.0,199.0,0.0,608.0,18.0,4.0,7094.0,54.0,6.0,21.0,4205.0,12.0,0.0,21.0,84.0,747.0,139.0,0.0,8.0,58.0,23190.0,7.0,243.0,193.0,281.0,1.0,1.0,3.0,24055.0,19.0,54876.0,56.0,6.0,1087.0,1.0,1.0,2.0,,1.0,5.0,24.0,0.0,3.0,28.0,2.0,87.0,28.0,5710.0,3.0,3.0,2.0,41.0,542.0,0.0,1336.0,130.0,41.0,422.0,280.0,1351.0,10.0,1.0,57.0,7.0,278.0,0.0,61.0,8.0,220.0,,161.0,82.0,38.0,14.0,425.0,7.0,88.0,728.0,0.0,4475.0,51.0,0.0,22.0,2194.0,50.0,0.0,42.0,14.0,49.0,6.0,25.0,40.0,56.0,29.0,1.0,15.0,72.0,0.0,189.0,2.0,9.0,23.0,10.0,2.0,307.0,0.0,3.0,4.0,0.0,2.0,23.0,9.0,0.0
2020-04-27,1.0,4.0,0.0,0.0,40.0,14.0,6.0,765.0,4637.0,1.0,5.0,376.0,,99.0,0.0,8.0,14.0,10.0,0.0,253.0,15.0,167.0,0.0,,8.0,152.0,6.0,6.0,2707.0,3.0,8.0,162.0,82.0,197.0,8.0,23293.0,10.0,26977.0,22.0,562.0,9.0,8.0,90.0,223.0,5913.0,11.0,102.0,511.0,10.0,2900.0,84.0,934.0,0.0,663.0,7.0,948.0,193.0,7.0,59.0,202.0,0.0,631.0,18.0,4.0,7207.0,56.0,6.0,22.0,4543.0,16.0,0.0,22.0,84.0,795.0,144.0,0.0,8.0,60.0,23822.0,7.0,244.0,193.0,301.0,1.0,1.0,3.0,24393.0,19.0,56245.0,58.0,6.0,1102.0,1.0,1.0,2.0,,1.0,5.0,24.0,0.0,3.0,28.0,2.0,88.0,30.0,5806.0,3.0,3.0,2.0,41.0,549.0,0.0,1352.0,136.0,41.0,427.0,291.0,1434.0,10.0,1.0,57.0,7.0,278.0,0.0,61.0,8.0,220.0,,162.0,83.0,39.0,15.0,432.0,7.0,88.0,782.0,0.0,4518.0,54.0,0.0,22.0,2274.0,53.0,0.0,42.0,14.0,50.0,6.0,25.0,40.0,58.0,29.0,1.0,15.0,75.0,0.0,198.0,2.0,9.0,26.0,10.0,2.0,337.0,0.0,3.0,4.0,0.0,2.0,23.0,10.0,0.0
2020-04-28,1.0,4.0,0.0,0.0,44.0,14.0,6.0,773.0,4637.0,1.0,5.0,389.0,,100.0,0.0,8.0,14.0,10.0,0.0,269.0,16.0,176.0,0.0,,8.0,155.0,6.0,6.0,2859.0,3.0,8.0,168.0,89.0,207.0,8.0,23660.0,10.0,27359.0,23.0,596.0,9.0,9.0,93.0,227.0,6115.0,16.0,107.0,530.0,10.0,2992.0,88.0,1007.0,0.0,871.0,7.0,973.0,199.0,7.0,63.0,208.0,0.0,650.0,20.0,4.0,7331.0,58.0,6.0,25.0,5017.0,16.0,0.0,22.0,86.0,867.0,152.0,0.0,8.0,62.0,24275.0,7.0,246.0,195.0,327.0,1.0,1.0,3.0,25302.0,19.0,58355.0,58.0,6.0,1159.0,1.0,1.0,2.0,,1.0,5.0,24.0,0.0,3.0,30.0,2.0,88.0,30.0,5877.0,3.0,3.0,2.0,41.0,569.0,0.0,1379.0,136.0,44.0,434.0,300.0,1569.0,10.0,1.0,60.0,7.0,286.0,0.0,66.0,8.0,239.0,,165.0,86.0,40.0,15.0,437.0,8.0,89.0,854.0,0.0,4566.0,54.0,2.0,22.0,2355.0,55.0,0.0,42.0,14.0,50.0,6.0,25.0,41.0,59.0,31.0,1.0,15.0,79.0,0.0,207.0,2.0,9.0,28.0,10.0,2.0,359.0,0.0,3.0,4.0,0.0,2.0,24.0,10.0,0.0
2020-04-29,1.0,4.0,0.0,0.0,51.0,14.0,6.0,784.0,4637.0,1.0,6.0,415.0,,100.0,0.0,8.0,15.0,10.0,0.0,278.0,16.0,178.0,0.0,,9.0,163.0,6.0,7.0,2996.0,3.0,8.0,173.0,98.0,214.0,8.0,24087.0,10.0,27682.0,24.0,624.0,9.0,9.0,103.0,227.0,6288.0,16.0,111.0,558.0,10.0,3081.0,90.0,1074.0,0.0,883.0,7.0,989.0,206.0,7.0,67.0,215.0,0.0,675.0,22.0,4.0,7501.0,58.0,6.0,28.0,5466.0,16.0,0.0,23.0,86.0,972.0,157.0,0.0,8.0,62.0,24543.0,7.0,247.0,202.0,346.0,1.0,2.0,3.0,26097.0,19.0,60966.0,64.0,6.0,1190.0,1.0,1.0,2.0,,1.0,5.0,24.0,0.0,3.0,31.0,2.0,92.0,31.0,5957.0,4.0,3.0,2.0,41.0,580.0,0.0,1407.0,139.0,45.0,443.0,312.0,1732.0,10.0,1.0,60.0,7.0,293.0,0.0,71.0,9.0,250.0,,168.0,89.0,40.0,15.0,444.0,8.0,89.0,943.0,0.0,4711.0,54.0,2.0,22.0,2462.0,59.0,0.0,43.0,14.0,50.0,6.0,25.0,42.0,61.0,32.0,1.0,15.0,84.0,0.0,216.0,2.0,9.0,28.0,16.0,2.0,380.0,0.0,3.0,4.0,0.0,2.0,25.0,10.0,0.0
2020-04-30,1.0,4.0,0.0,0.0,58.0,15.0,6.0,792.0,4637.0,1.0,6.0,432.0,,102.0,0.0,9.0,17.0,11.0,0.0,293.0,16.0,188.0,0.0,0.0,9.0,168.0,6.0,7.0,3184.0,3.0,8.0,179.0,105.0,218.0,8.0,24376.0,10.0,27967.0,26.0,644.0,10.0,10.0,103.0,236.0,6288.0,17.0,119.0,568.0,10.0,3174.0,92.0,1147.0,0.0,900.0,7.0,1007.0,211.0,7.0,69.0,222.0,0.0,717.0,23.0,4.0,7594.0,61.0,6.0,31.0,5901.0,16.0,0.0,24.0,92.0,1073.0,162.0,0.0,8.0,64.0,24824.0,8.0,248.0,204.0,385.0,1.0,2.0,3.0,26771.0,19.0,63006.0,66.0,6.0,1232.0,1.0,1.0,2.0,,1.0,5.0,24.0,0.0,3.0,31.0,2.0,93.0,31.0,6028.0,4.0,3.0,4.0,41.0,584.0,0.0,1422.0,140.0,45.0,452.0,323.0,1859.0,10.0,1.0,64.0,7.0,301.0,0.0,75.0,9.0,250.0,,170.0,91.0,40.0,15.0,450.0,8.0,90.0,1051.0,0.0,4795.0,54.0,5.0,22.0,2586.0,62.0,0.0,43.0,14.0,52.0,8.0,25.0,42.0,61.0,32.0,1.0,17.0,89.0,0.0,227.0,3.0,9.0,28.0,16.0,2.0,392.0,0.0,3.0,7.0,2.0,2.0,26.0,10.0,0.0
2020-05-01,1.0,4.0,0.0,0.0,68.0,16.0,6.0,800.0,4637.0,1.0,6.0,458.0,,103.0,0.0,9.0,21.0,11.0,0.0,314.0,16.0,192.0,0.0,0.0,9.0,170.0,6.0,7.0,3391.0,4.0,8.0,185.0,111.0,225.0,8.0,24594.0,10.0,28236.0,30.0,651.0,10.0,10.0,116.0,240.0,6575.0,17.0,122.0,579.0,12.0,3258.0,93.0,1218.0,0.0,1063.0,7.0,1007.0,218.0,7.0,75.0,225.0,0.0,744.0,23.0,4.0,7703.0,64.0,8.0,31.0,6329.0,18.0,0.0,25.0,94.0,1169.0,169.0,0.0,8.0,70.0,25100.0,8.0,250.0,204.0,417.0,1.0,2.0,3.0,27510.0,20.0,65068.0,69.0,6.0,1265.0,2.0,1.0,2.0,,1.0,5.0,24.0,0.0,3.0,31.0,2.0,94.0,32.0,6091.0,4.0,3.0,4.0,41.0,589.0,0.0,1434.0,140.0,45.0,462.0,335.0,1972.0,10.0,1.0,68.0,7.0,313.0,0.0,75.0,10.0,279.0,,171.0,93.0,41.0,15.0,453.0,8.0,92.0,1124.0,0.0,4893.0,54.0,5.0,22.0,2653.0,66.0,0.0,44.0,15.0,52.0,8.0,25.0,43.0,61.0,33.0,1.0,17.0,93.0,0.0,234.0,3.0,9.0,28.0,16.0,2.0,406.0,0.0,3.0,7.0,2.0,2.0,26.0,10.0,0.0
2020-05-02,1.0,4.0,0.0,0.0,85.0,17.0,6.0,831.0,4637.0,1.0,6.0,492.0,,103.0,0.0,9.0,22.0,12.0,0.0,324.0,17.0,197.0,0.0,0.0,9.0,175.0,7.0,7.0,3566.0,5.0,10.0,189.0,119.0,237.0,8.0,24760.0,10.0,28710.0,33.0,664.0,10.0,11.0,123.0,245.0,6649.0,18.0,124.0,603.0,12.0,3336.0,93.0,1301.0,0.0,1371.0,7.0,1023.0,220.0,7.0,77.0,229.0,0.0,771.0,24.0,4.0,7765.0,66.0,8.0,41.0,6750.0,18.0,0.0,25.0,95.0,1222.0,176.0,0.0,8.0,72.0,25264.0,8.0,250.0,204.0,440.0,1.0,2.0,3.0,28131.0,20.0,66385.0,72.0,6.0,1265.0,2.0,1.0,2.0,,1.0,5.0,25.0,0.0,3.0,31.0,2.0,95.0,33.0,6156.0,4.0,3.0,4.0,41.0,596.0,0.0,1466.0,143.0,46.0,473.0,340.0,2061.0,10.0,1.0,72.0,7.0,326.0,0.0,76.0,10.0,279.0,,173.0,94.0,42.0,15.0,459.0,9.0,92.0,1200.0,0.0,4987.0,54.0,10.0,22.0,2669.0,71.0,0.0,44.0,15.0,53.0,8.0,25.0,44.0,64.0,35.0,1.0,17.0,97.0,0.0,247.0,3.0,9.0,31.0,16.0,2.0,415.0,0.0,3.0,8.0,2.0,2.0,26.0,10.0,0.0
2020-05-03,1.0,4.0,0.0,0.0,87.0,18.0,6.0,845.0,4637.0,1.0,6.0,510.0,,105.0,0.0,9.0,24.0,12.0,0.0,340.0,17.0,200.0,0.0,2.0,10.0,177.0,7.0,7.0,3682.0,5.0,10.0,193.0,126.0,246.0,8.0,24895.0,10.0,28884.0,38.0,678.0,10.0,12.0,131.0,248.0,6692.0,18.0,125.0,607.0,12.0,3397.0,95.0,1373.0,0.0,1564.0,7.0,1063.0,230.0,7.0,79.0,232.0,0.0,780.0,24.0,4.0,7844.0,67.0,9.0,41.0,7025.0,18.0,0.0,25.0,97.0,1280.0,184.0,0.0,8.0,77.0,25428.0,9.0,252.0,208.0,462.0,1.0,2.0,3.0,28446.0,20.0,67682.0,73.0,6.0,1303.0,2.0,1.0,2.0,,1.0,5.0,25.0,0.0,3.0,31.0,2.0,97.0,34.0,6203.0,5.0,3.0,4.0,41.0,598.0,0.0,1472.0,144.0,46.0,481.0,351.0,2154.0,10.0,1.0,85.0,7.0,333.0,0.0,82.0,10.0,288.0,,174.0,96.0,42.0,15.0,463.0,9.0,96.0,1286.0,0.0,5056.0,54.0,10.0,26.0,2679.0,76.0,0.0,45.0,17.0,55.0,8.0,27.0,45.0,64.0,36.0,1.0,17.0,99.0,0.0,260.0,3.0,9.0,32.0,16.0,2.0,429.0,0.0,3.0,8.0,2.0,2.0,27.0,10.0,0.0
2020-05-04,1.0,4.0,0.0,0.0,93.0,18.0,6.0,864.0,4637.0,1.0,6.0,521.0,,105.0,0.0,9.0,24.0,12.0,0.0,358.0,19.0,203.0,0.0,3.0,10.0,182.0,7.0,7.0,3854.0,6.0,11.0,197.0,137.0,260.0,8.0,25201.0,10.0,29079.0,40.0,698.0,10.0,13.0,138.0,252.0,6831.0,18.0,132.0,623.0,12.0,3461.0,95.0,1568.0,0.0,1569.0,8.0,1063.0,240.0,9.0,80.0,235.0,0.0,803.0,25.0,4.0,7924.0,69.0,9.0,41.0,7321.0,18.0,0.0,26.0,97.0,1356.0,191.0,0.0,8.0,78.0,25613.0,9.0,254.0,208.0,486.0,1.0,2.0,3.0,28734.0,20.0,68934.0,78.0,6.0,1319.0,2.0,1.0,2.0,,1.0,5.0,25.0,0.0,3.0,31.0,2.0,98.0,34.0,6277.0,5.0,3.0,4.0,41.0,600.0,0.0,1476.0,146.0,46.0,490.0,363.0,2271.0,10.0,1.0,90.0,7.0,346.0,0.0,82.0,10.0,303.0,,179.0,97.0,43.0,15.0,465.0,9.0,96.0,1344.0,0.0,5082.0,54.0,10.0,26.0,2769.0,82.0,0.0,46.0,17.0,55.0,11.0,29.0,45.0,64.0,37.0,1.0,17.0,103.0,0.0,270.0,3.0,10.0,35.0,18.0,2.0,436.0,0.0,3.0,9.0,2.0,2.0,29.0,10.0,0.0
2020-05-05,1.0,4.0,0.0,0.0,98.0,18.0,6.0,872.0,4637.0,1.0,6.0,543.0,,106.0,0.0,10.0,24.0,12.0,0.0,378.0,19.0,210.0,0.0,5.0,10.0,183.0,7.0,7.0,4043.0,6.0,12.0,200.0,146.0,264.0,8.0,25531.0,10.0,29315.0,40.0,716.0,10.0,14.0,148.0,257.0,6996.0,18.0,136.0,637.0,12.0,3520.0,96.0,1694.0,0.0,1569.0,9.0,1074.0,246.0,10.0,83.0,238.0,0.0,827.0,25.0,4.0,8016.0,69.0,9.0,45.0,7921.0,20.0,0.0,26.0,99.0,1451.0,200.0,0.0,8.0,79.0,25857.0,9.0,255.0,209.0,526.0,1.0,2.0,3.0,29427.0,21.0,71078.0,78.0,6.0,1339.0,2.0,1.0,2.0,,1.0,5.0,25.0,0.0,3.0,31.0,2.0,102.0,34.0,6340.0,5.0,4.0,4.0,41.0,606.0,0.0,1482.0,146.0,46.0,497.0,373.0,2507.0,10.0,1.0,95.0,7.0,354.0,0.0,93.0,10.0,316.0,,181.0,98.0,43.0,15.0,470.0,9.0,96.0,1444.0,0.0,5168.0,54.0,17.0,26.0,2854.0,86.0,0.0,48.0,18.0,55.0,12.0,29.0,46.0,64.0,38.0,1.0,17.0,107.0,0.0,275.0,3.0,11.0,38.0,18.0,2.0,452.0,0.0,4.0,11.0,3.0,2.0,32.0,10.0,0.0
2020-05-06,1.0,4.0,0.0,0.0,103.0,20.0,6.0,895.0,4637.0,1.0,6.0,551.0,,107.0,0.0,10.0,26.0,13.0,0.0,397.0,21.0,218.0,0.0,8.0,10.0,186.0,7.0,7.0,4232.0,8.0,12.0,203.0,157.0,273.0,8.0,25809.0,10.0,29684.0,42.0,733.0,10.0,15.0,153.0,262.0,7119.0,18.0,143.0,658.0,12.0,3584.0,97.0,1783.0,0.0,1618.0,9.0,1089.0,252.0,11.0,85.0,239.0,0.0,858.0,25.0,4.0,8339.0,69.0,9.0,49.0,8536.0,20.0,0.0,28.0,99.0,1537.0,209.0,0.0,8.0,86.0,26070.0,9.0,256.0,209.0,564.0,1.0,2.0,3.0,30076.0,21.0,73431.0,84.0,6.0,1375.0,2.0,1.0,2.0,,1.0,5.0,25.0,0.0,3.0,31.0,2.0,102.0,36.0,6418.0,5.0,4.0,4.0,41.0,608.0,0.0,1504.0,147.0,48.0,500.0,383.0,2704.0,10.0,2.0,104.0,7.0,362.0,0.0,99.0,10.0,327.0,,183.0,99.0,43.0,15.0,476.0,9.0,98.0,1533.0,0.0,5204.0,55.0,17.0,27.0,2941.0,91.0,0.0,48.0,18.0,55.0,12.0,30.0,46.0,108.0,38.0,1.0,17.0,112.0,0.0,281.0,3.0,12.0,39.0,18.0,2.0,469.0,0.0,4.0,14.0,5.0,3.0,32.0,10.0,0.0
2020-05-07,1.0,4.0,0.0,0.0,107.0,20.0,6.0,930.0,4637.0,1.0,6.0,557.0,,107.0,0.0,10.0,29.0,14.0,0.0,407.0,23.0,225.0,0.0,12.0,10.0,199.0,7.0,7.0,4408.0,8.0,12.0,206.0,165.0,282.0,8.0,25987.0,10.0,29958.0,44.0,755.0,10.0,15.0,161.0,270.0,7266.0,18.0,145.0,685.0,12.0,3641.0,97.0,1886.0,0.0,1654.0,9.0,1105.0,255.0,11.0,86.0,240.0,0.0,876.0,26.0,4.0,8415.0,73.0,9.0,52.0,9146.0,20.0,0.0,28.0,102.0,1625.0,219.0,0.0,8.0,90.0,26251.0,9.0,256.0,209.0,594.0,1.0,2.0,3.0,30615.0,21.0,75670.0,84.0,6.0,1403.0,2.0,1.0,2.0,,1.0,5.0,25.0,0.0,3.0,31.0,2.0,102.0,36.0,6486.0,5.0,4.0,4.0,41.0,609.0,0.0,1517.0,148.0,49.0,506.0,392.0,2961.0,10.0,2.0,106.0,7.0,373.0,0.0,105.0,10.0,340.0,,183.0,99.0,44.0,15.0,483.0,9.0,100.0,1627.0,0.0,5288.0,55.0,27.0,27.0,3040.0,102.0,0.0,48.0,20.0,56.0,12.0,31.0,47.0,108.0,42.0,1.0,17.0,116.0,0.0,285.0,3.0,13.0,44.0,21.0,3.0,482.0,0.0,4.0,16.0,6.0,3.0,32.0,10.0,0.0
2020-05-08,1.0,4.0,0.0,0.0,117.0,20.0,6.0,943.0,4637.0,1.0,6.0,601.0,,107.0,0.0,10.0,29.0,15.0,0.0,428.0,24.0,231.0,0.0,12.0,10.0,206.0,7.0,7.0,4569.0,8.0,12.0,209.0,174.0,293.0,8.0,26230.0,10.0,30201.0,47.0,776.0,10.0,16.0,178.0,273.0,7369.0,18.0,152.0,696.0,12.0,3689.0,97.0,1981.0,0.0,1704.0,9.0,1114.0,260.0,11.0,86.0,245.0,0.0,898.0,26.0,4.0,8521.0,74.0,10.0,59.0,9897.0,20.0,0.0,28.0,107.0,1723.0,229.0,0.0,8.0,98.0,26478.0,9.0,256.0,213.0,618.0,1.0,2.0,3.0,31241.0,21.0,77180.0,88.0,6.0,1429.0,2.0,1.0,2.0,,1.0,5.0,26.0,0.0,3.0,31.0,2.0,104.0,39.0,6541.0,5.0,4.0,4.0,41.0,614.0,0.0,1525.0,150.0,49.0,512.0,405.0,3160.0,10.0,2.0,109.0,7.0,380.0,0.0,107.0,10.0,361.0,,186.0,100.0,45.0,15.0,488.0,9.0,100.0,1714.0,0.0,5359.0,55.0,28.0,28.0,3175.0,106.0,0.0,48.0,20.0,56.0,12.0,31.0,47.0,108.0,44.0,1.0,18.0,121.0,0.0,294.0,3.0,14.0,44.0,21.0,3.0,503.0,0.0,4.0,17.0,7.0,3.0,35.0,10.0,0.0
2020-05-09,1.0,4.0,0.0,0.0,128.0,20.0,6.0,959.0,4637.0,1.0,6.0,613.0,,108.0,0.0,10.0,30.0,17.0,0.0,445.0,24.0,237.0,0.0,20.0,10.0,214.0,7.0,7.0,4693.0,8.0,12.0,213.0,185.0,300.0,8.0,26310.0,10.0,30395.0,49.0,785.0,10.0,17.0,186.0,276.0,7395.0,22.0,161.0,704.0,13.0,3739.0,97.0,2109.0,0.0,1717.0,9.0,1126.0,265.0,11.0,87.0,247.0,0.0,926.0,26.0,4.0,8581.0,74.0,10.0,64.0,10627.0,20.0,0.0,31.0,108.0,1827.0,239.0,0.0,8.0,98.0,26621.0,9.0,256.0,213.0,639.0,1.0,2.0,3.0,31587.0,21.0,78794.0,90.0,6.0,1446.0,2.0,1.0,2.0,,1.0,5.0,26.0,0.0,3.0,31.0,2.0,107.0,41.0,6589.0,5.0,7.0,4.0,41.0,615.0,0.0,1531.0,151.0,50.0,516.0,413.0,3353.0,10.0,2.0,115.0,7.0,385.0,0.0,108.0,10.0,376.0,,186.0,101.0,45.0,15.0,494.0,9.0,101.0,1814.0,0.0,5422.0,56.0,31.0,28.0,3220.0,114.0,0.0,48.0,21.0,60.0,12.0,31.0,48.0,108.0,45.0,1.0,18.0,126.0,0.0,304.0,3.0,17.0,48.0,21.0,3.0,514.0,0.0,5.0,18.0,7.0,3.0,37.0,10.0,0.0
2020-05-10,1.0,4.0,0.0,0.0,143.0,20.0,6.0,973.0,4637.0,1.0,6.0,621.0,,108.0,0.0,10.0,32.0,17.0,0.0,463.0,26.0,244.0,0.0,20.0,10.0,228.0,7.0,7.0,4871.0,8.0,12.0,215.0,198.0,300.0,8.0,26380.0,10.0,30560.0,58.0,800.0,10.0,17.0,194.0,280.0,7417.0,22.0,169.0,719.0,14.0,3786.0,97.0,2206.0,0.0,2127.0,9.0,1135.0,267.0,11.0,90.0,252.0,0.0,952.0,26.0,4.0,8656.0,77.0,10.0,70.0,11123.0,20.0,0.0,32.0,111.0,1915.0,246.0,0.0,8.0,102.0,26744.0,9.0,256.0,217.0,667.0,1.0,2.0,3.0,31855.0,21.0,79528.0,91.0,6.0,1458.0,2.0,1.0,2.0,,1.0,5.0,26.0,0.0,3.0,31.0,2.0,109.0,41.0,6640.0,5.0,7.0,4.0,41.0,618.0,0.0,1537.0,151.0,50.0,519.0,421.0,3465.0,10.0,2.0,120.0,7.0,388.0,0.0,108.0,10.0,391.0,,188.0,102.0,45.0,16.0,502.0,9.0,101.0,1889.0,0.0,5440.0,56.0,31.0,28.0,3225.0,118.0,0.0,49.0,21.0,60.0,15.0,31.0,48.0,114.0,46.0,1.0,19.0,131.0,0.0,312.0,3.0,19.0,51.0,21.0,3.0,525.0,0.0,5.0,18.0,8.0,3.0,38.0,10.0,0.0
2020-05-11,1.0,4.0,0.0,0.0,150.0,21.0,7.0,991.0,4637.0,1.0,6.0,643.0,,109.0,0.0,10.0,33.0,17.0,0.0,479.0,26.0,249.0,0.0,21.0,10.0,239.0,8.0,7.0,4993.0,9.0,12.0,218.0,201.0,305.0,8.0,26643.0,10.0,30739.0,65.0,811.0,10.0,18.0,206.0,282.0,7533.0,22.0,175.0,726.0,14.0,3841.0,97.0,2293.0,0.0,2145.0,9.0,1144.0,271.0,11.0,91.0,258.0,0.0,972.0,26.0,4.0,8707.0,77.0,11.0,74.0,11519.0,20.0,0.0,32.0,113.0,2009.0,255.0,0.0,8.0,112.0,26920.0,9.0,258.0,224.0,706.0,1.0,2.0,3.0,32065.0,21.0,80684.0,93.0,7.0,1467.0,2.0,1.0,2.0,,1.0,5.0,26.0,0.0,3.0,31.0,2.0,110.0,44.0,6685.0,5.0,7.0,4.0,41.0,620.0,0.0,1542.0,151.0,50.0,524.0,425.0,3573.0,10.0,2.0,122.0,7.0,393.0,0.0,116.0,11.0,408.0,,188.0,102.0,45.0,16.0,507.0,9.0,101.0,1961.0,0.0,5456.0,56.0,31.0,29.0,3256.0,122.0,0.0,50.0,21.0,61.0,16.0,32.0,48.0,125.0,46.0,1.0,19.0,135.0,0.0,323.0,3.0,19.0,52.0,21.0,3.0,533.0,0.0,5.0,19.0,9.0,3.0,39.0,10.0,0.0
2020-05-12,1.0,4.0,0.0,0.0,158.0,21.0,7.0,1007.0,4637.0,1.0,6.0,668.0,,109.0,0.0,10.0,36.0,17.0,0.0,493.0,27.0,252.0,0.0,23.0,10.0,250.0,8.0,7.0,5169.0,9.0,12.0,220.0,203.0,319.0,9.0,26991.0,10.0,30911.0,75.0,839.0,10.0,20.0,206.0,283.0,7634.0,22.0,182.0,751.0,14.0,3894.0,97.0,2415.0,0.0,2327.0,9.0,1163.0,275.0,11.0,91.0,260.0,0.0,1002.0,27.0,4.0,8761.0,78.0,11.0,80.0,12400.0,20.0,0.0,33.0,114.0,2116.0,264.0,0.0,8.0,117.0,27104.0,9.0,259.0,228.0,737.0,1.0,2.0,3.0,32692.0,21.0,82387.0,95.0,7.0,1488.0,2.0,1.0,2.0,,1.0,5.0,26.0,0.0,3.0,31.0,2.0,112.0,50.0,6733.0,8.0,7.0,4.0,41.0,623.0,0.0,1560.0,152.0,50.0,528.0,430.0,3926.0,10.0,2.0,127.0,7.0,402.0,0.0,121.0,11.0,425.0,,188.0,102.0,45.0,16.0,515.0,9.0,102.0,2057.0,0.0,5510.0,56.0,40.0,29.0,3313.0,128.0,0.0,51.0,21.0,61.0,18.0,32.0,48.0,125.0,47.0,1.0,19.0,142.0,0.0,335.0,3.0,19.0,52.0,21.0,3.0,544.0,0.0,5.0,20.0,11.0,3.0,40.0,10.0,0.0
2020-05-13,1.0,4.0,0.0,0.0,164.0,21.0,7.0,1028.0,4637.0,1.0,6.0,687.0,,111.0,0.0,10.0,40.0,17.0,0.0,509.0,29.0,256.0,0.0,23.0,11.0,269.0,8.0,7.0,5304.0,9.0,12.0,222.0,206.0,329.0,10.0,27074.0,10.0,31106.0,82.0,861.0,11.0,20.0,219.0,290.0,7723.0,24.0,185.0,772.0,14.0,3952.0,98.0,2549.0,0.0,2334.0,9.0,1175.0,284.0,14.0,94.0,264.0,0.0,1016.0,27.0,4.0,8843.0,79.0,11.0,90.0,13149.0,20.0,0.0,35.0,115.0,2212.0,273.0,0.0,8.0,120.0,27321.0,9.0,260.0,229.0,770.0,1.0,2.0,3.0,33186.0,21.0,84133.0,96.0,7.0,1497.0,2.0,2.0,2.0,,1.0,5.0,26.0,0.0,3.0,31.0,2.0,115.0,50.0,6783.0,8.0,7.0,4.0,41.0,624.0,0.0,1563.0,155.0,54.0,534.0,436.0,4220.0,10.0,2.0,130.0,7.0,409.0,0.0,123.0,11.0,439.0,,188.0,103.0,45.0,17.0,522.0,9.0,103.0,2169.0,0.0,5562.0,56.0,42.0,29.0,3460.0,142.0,0.0,51.0,24.0,61.0,18.0,32.0,49.0,136.0,49.0,1.0,19.0,146.0,0.0,346.0,3.0,22.0,52.0,21.0,3.0,556.0,0.0,5.0,21.0,12.0,3.0,44.0,10.0,0.0
2020-05-14,1.0,4.0,0.0,0.0,167.0,21.0,7.0,1043.0,4637.0,1.0,6.0,710.0,,112.0,0.0,10.0,42.0,19.0,0.0,525.0,29.0,260.0,0.0,29.0,11.0,283.0,9.0,7.0,5472.0,10.0,14.0,224.0,208.0,353.0,10.0,27425.0,10.0,31368.0,88.0,883.0,11.0,23.0,238.0,293.0,7824.0,24.0,194.0,790.0,14.0,4007.0,98.0,2649.0,0.0,2338.0,9.0,1184.0,287.0,14.0,94.0,265.0,0.0,1046.0,27.0,4.0,8903.0,79.0,12.0,91.0,13993.0,20.0,0.0,35.0,117.0,2305.0,283.0,0.0,8.0,123.0,27459.0,9.0,260.0,232.0,803.0,1.0,2.0,3.0,33614.0,21.0,85906.0,99.0,8.0,1506.0,2.0,2.0,2.0,,1.0,5.0,26.0,0.0,3.0,31.0,2.0,115.0,50.0,6854.0,8.0,7.0,4.0,41.0,626.0,1.0,1588.0,156.0,54.0,538.0,442.0,4477.0,10.0,2.0,136.0,7.0,422.0,0.0,133.0,15.0,456.0,0.0,190.0,103.0,45.0,17.0,529.0,9.0,103.0,2267.0,0.0,5590.0,56.0,46.0,29.0,3529.0,152.0,0.0,51.0,24.0,62.0,20.0,32.0,49.0,139.0,50.0,1.0,19.0,151.0,0.0,358.0,3.0,23.0,53.0,21.0,3.0,571.0,0.0,5.0,26.0,13.0,3.0,46.0,10.0,0.0
2020-05-15,1.0,4.0,0.0,0.0,171.0,21.0,7.0,1076.0,4637.0,1.0,6.0,725.0,,112.0,0.0,10.0,45.0,19.0,0.0,546.0,30.0,266.0,0.0,33.0,11.0,298.0,9.0,7.0,5562.0,10.0,14.0,225.0,210.0,356.0,12.0,27555.0,10.0,31610.0,96.0,907.0,11.0,25.0,247.0,295.0,7881.0,28.0,197.0,806.0,14.0,4055.0,98.0,2752.0,0.0,2594.0,9.0,1190.0,293.0,15.0,95.0,266.0,0.0,1056.0,27.0,4.0,8959.0,79.0,12.0,91.0,14817.0,20.0,0.0,36.0,122.0,2418.0,292.0,0.0,8.0,127.0,27563.0,9.0,262.0,232.0,834.0,1.0,2.0,3.0,33998.0,21.0,87568.0,102.0,8.0,1518.0,2.0,3.0,2.0,,1.0,5.0,26.0,0.0,3.0,31.0,2.0,117.0,60.0,6902.0,8.0,7.0,4.0,41.0,628.0,4.0,1594.0,160.0,54.0,538.0,448.0,4767.0,10.0,2.0,168.0,7.0,424.0,0.0,134.0,15.0,483.0,0.0,190.0,103.0,45.0,17.0,536.0,9.0,104.0,2393.0,0.0,5643.0,56.0,48.0,29.0,3646.0,164.0,0.0,51.0,24.0,63.0,20.0,34.0,49.0,140.0,51.0,1.0,19.0,156.0,0.0,394.0,3.0,25.0,53.0,21.0,3.0,592.0,0.0,5.0,27.0,15.0,4.0,46.0,10.0,0.0
2020-05-16,1.0,4.0,0.0,0.0,176.0,22.0,7.0,1089.0,4638.0,1.0,6.0,744.0,,113.0,1.0,10.0,50.0,21.0,0.0,562.0,33.0,269.0,0.0,36.0,11.0,314.0,9.0,7.0,5679.0,11.0,14.0,228.0,214.0,363.0,12.0,27643.0,10.0,31763.0,107.0,915.0,11.0,26.0,261.0,296.0,7914.0,29.0,207.0,817.0,15.0,4096.0,98.0,2872.0,0.0,2688.0,9.0,1203.0,297.0,16.0,95.0,268.0,0.0,1081.0,28.0,4.0,9005.0,79.0,12.0,91.0,15633.0,20.0,0.0,36.0,122.0,2537.0,302.0,0.0,8.0,129.0,27650.0,9.0,262.0,232.0,873.0,1.0,2.0,3.0,34466.0,21.0,88754.0,108.0,10.0,1533.0,3.0,3.0,2.0,,1.0,5.0,26.0,0.0,3.0,31.0,2.0,121.0,60.0,6937.0,8.0,7.0,4.0,41.0,628.0,4.0,1601.0,162.0,55.0,543.0,451.0,5045.0,10.0,2.0,168.0,7.0,424.0,0.0,138.0,15.0,497.0,0.0,192.0,103.0,45.0,17.0,542.0,9.0,104.0,2523.0,0.0,5670.0,56.0,50.0,29.0,3674.0,165.0,0.0,51.0,25.0,63.0,20.0,34.0,51.0,140.0,51.0,1.0,19.0,160.0,0.0,421.0,3.0,25.0,55.0,21.0,3.0,612.0,0.0,5.0,29.0,19.0,4.0,48.0,10.0,0.0
2020-05-17,1.0,4.0,0.0,0.0,182.0,22.0,7.0,1148.0,4638.0,1.0,6.0,749.0,,113.0,2.0,10.0,50.0,22.0,0.0,574.0,35.0,275.0,0.0,39.0,12.0,328.0,9.0,7.0,5782.0,11.0,14.0,230.0,220.0,366.0,12.0,27711.0,10.0,31908.0,112.0,925.0,11.0,30.0,264.0,297.0,7935.0,29.0,211.0,824.0,15.0,4140.0,98.0,3029.0,0.0,2736.0,9.0,1218.0,298.0,16.0,95.0,272.0,0.0,1097.0,28.0,4.0,9052.0,79.0,12.0,97.0,16118.0,21.0,0.0,39.0,123.0,2631.0,312.0,0.0,8.0,132.0,27709.0,9.0,263.0,232.0,903.0,1.0,2.0,3.0,34636.0,21.0,89562.0,110.0,10.0,1543.0,3.0,4.0,2.0,,1.0,5.0,26.0,0.0,3.0,31.0,2.0,123.0,60.0,6988.0,8.0,7.0,4.0,41.0,629.0,4.0,1602.0,163.0,56.0,547.0,462.0,5177.0,10.0,2.0,169.0,7.0,428.0,0.0,142.0,15.0,514.0,0.0,192.0,104.0,45.0,17.0,548.0,9.0,107.0,2648.0,0.0,5680.0,56.0,53.0,29.0,3679.0,169.0,0.0,51.0,27.0,63.0,20.0,34.0,51.0,140.0,54.0,1.0,20.0,165.0,0.0,450.0,3.0,26.0,56.0,21.0,3.0,630.0,1.0,5.0,32.0,20.0,4.0,52.0,10.0,0.0
2020-05-18,1.0,4.0,0.0,0.0,191.0,22.0,7.0,1191.0,4638.0,1.0,6.0,763.0,,113.0,2.0,10.0,50.0,26.0,0.0,592.0,38.0,279.0,0.0,41.0,13.0,349.0,9.0,7.0,5842.0,11.0,14.0,231.0,224.0,382.0,12.0,27897.0,10.0,32007.0,118.0,936.0,11.0,30.0,286.0,297.0,8007.0,29.0,215.0,831.0,15.0,4171.0,99.0,3163.0,0.0,2799.0,9.0,1231.0,300.0,16.0,95.0,272.0,0.0,1107.0,28.0,4.0,9080.0,79.0,12.0,105.0,16792.0,22.0,0.0,40.0,124.0,2722.0,320.0,0.0,8.0,132.0,27778.0,9.0,263.0,233.0,939.0,1.0,2.0,3.0,34796.0,21.0,90353.0,112.0,10.0,1547.0,3.0,4.0,2.0,,1.0,5.0,26.0,0.0,3.0,31.0,2.0,127.0,61.0,7057.0,8.0,7.0,4.0,41.0,629.0,4.0,1602.0,165.0,59.0,548.0,467.0,5332.0,10.0,2.0,173.0,7.0,434.0,0.0,146.0,15.0,535.0,0.0,192.0,104.0,46.0,17.0,555.0,9.0,107.0,2789.0,0.0,5694.0,56.0,53.0,29.0,3698.0,174.0,0.0,51.0,28.0,64.0,21.0,35.0,51.0,140.0,55.0,1.0,20.0,171.0,0.0,478.0,3.0,26.0,57.0,21.0,3.0,645.0,1.0,5.0,33.0,20.0,7.0,52.0,10.0,0.0
2020-05-19,1.0,4.0,0.0,0.0,192.0,22.0,7.0,1221.0,4638.0,1.0,6.0,771.0,,114.0,2.0,10.0,50.0,27.0,0.0,613.0,43.0,281.0,0.0,41.0,13.0,370.0,9.0,7.0,5912.0,12.0,14.0,234.0,227.0,393.0,12.0,28022.0,10.0,32169.0,121.0,948.0,11.0,31.0,312.0,302.0,8090.0,31.0,221.0,837.0,15.0,4199.0,99.0,3303.0,0.0,2839.0,9.0,1247.0,301.0,18.0,96.0,277.0,0.0,1126.0,28.0,4.0,9108.0,79.0,12.0,105.0,17971.0,23.0,0.0,41.0,124.0,2837.0,329.0,0.0,8.0,133.0,27888.0,9.0,263.0,233.0,985.0,1.0,2.0,3.0,35341.0,21.0,91921.0,116.0,10.0,1561.0,3.0,4.0,2.0,,1.0,5.0,26.0,0.0,3.0,31.0,2.0,131.0,61.0,7119.0,8.0,7.0,4.0,41.0,632.0,6.0,1613.0,165.0,60.0,551.0,470.0,5666.0,10.0,2.0,178.0,7.0,441.0,0.0,147.0,15.0,548.0,0.0,193.0,104.0,47.0,17.0,561.0,9.0,109.0,2914.0,0.0,5715.0,56.0,56.0,29.0,3743.0,189.0,0.0,52.0,28.0,64.0,22.0,35.0,51.0,140.0,55.0,1.0,20.0,175.0,0.0,509.0,3.0,30.0,59.0,21.0,3.0,659.0,2.0,5.0,33.0,28.0,7.0,53.0,10.0,0.0
2020-05-20,1.0,4.0,0.0,0.0,200.0,22.0,7.0,1242.0,4638.0,1.0,6.0,777.0,,114.0,2.0,10.0,50.0,30.0,0.0,630.0,45.0,287.0,0.0,44.0,13.0,386.0,9.0,7.0,6030.0,12.0,14.0,235.0,233.0,403.0,12.0,28132.0,10.0,32330.0,124.0,962.0,11.0,32.0,339.0,304.0,8147.0,31.0,228.0,842.0,16.0,4222.0,100.0,3435.0,0.0,2888.0,9.0,1263.0,304.0,18.0,96.0,279.0,0.0,1141.0,28.0,4.0,9150.0,79.0,12.0,111.0,18859.0,23.0,0.0,43.0,125.0,2972.0,339.0,0.0,8.0,135.0,27940.0,9.0,264.0,234.0,1017.0,1.0,2.0,3.0,35704.0,21.0,93439.0,120.0,10.0,1571.0,3.0,4.0,3.0,,1.0,5.0,26.0,0.0,3.0,31.0,2.0,134.0,61.0,7183.0,8.0,7.0,4.0,41.0,633.0,6.0,1629.0,166.0,60.0,554.0,473.0,6090.0,10.0,2.0,187.0,7.0,446.0,0.0,151.0,15.0,564.0,0.0,194.0,106.0,47.0,17.0,568.0,9.0,109.0,3024.0,0.0,5748.0,56.0,57.0,29.0,3831.0,199.0,0.0,52.0,29.0,64.0,22.0,35.0,51.0,146.0,58.0,1.0,20.0,179.0,0.0,544.0,3.0,30.0,61.0,21.0,3.0,680.0,2.0,5.0,34.0,29.0,9.0,55.0,10.0,0.0
2020-05-21,1.0,4.0,0.0,0.0,211.0,23.0,7.0,1278.0,4638.0,1.0,6.0,796.0,,114.0,3.0,10.0,50.0,31.0,0.0,652.0,48.0,291.0,0.0,44.0,13.0,408.0,9.0,7.0,6152.0,12.0,14.0,237.0,237.0,416.0,12.0,28215.0,10.0,32486.0,129.0,972.0,11.0,33.0,369.0,306.0,8174.0,31.0,233.0,846.0,17.0,4249.0,100.0,3583.0,0.0,2939.0,9.0,1277.0,306.0,19.0,97.0,279.0,0.0,1151.0,28.0,4.0,9186.0,80.0,12.0,121.0,20047.0,23.0,0.0,44.0,126.0,3099.0,351.0,0.0,8.0,139.0,28628.0,9.0,264.0,234.0,1067.0,1.0,3.0,3.0,36042.0,21.0,94702.0,125.0,10.0,1583.0,3.0,5.0,3.0,,1.0,5.0,26.0,0.0,3.0,31.0,2.0,140.0,63.0,7249.0,8.0,7.0,4.0,41.0,633.0,6.0,1637.0,168.0,61.0,561.0,476.0,6510.0,10.0,2.0,193.0,7.0,448.0,0.0,156.0,16.0,579.0,0.0,196.0,106.0,47.0,17.0,575.0,9.0,109.0,3148.0,0.0,5775.0,56.0,58.0,29.0,3871.0,215.0,0.0,52.0,29.0,64.0,25.0,35.0,51.0,156.0,60.0,1.0,20.0,185.0,0.0,589.0,3.0,33.0,61.0,21.0,3.0,696.0,2.0,5.0,35.0,33.0,10.0,60.0,10.0,0.0
2020-05-22,1.0,4.0,0.0,0.0,221.0,23.0,7.0,1326.0,4638.0,1.0,6.0,808.0,,115.0,3.0,10.0,50.0,32.0,0.0,682.0,51.0,295.0,0.0,44.0,13.0,432.0,9.0,7.0,6250.0,12.0,14.0,237.0,241.0,433.0,12.0,28289.0,10.0,32616.0,138.0,982.0,11.0,33.0,397.0,312.0,8216.0,31.0,237.0,857.0,19.0,4276.0,101.0,3720.0,0.0,3056.0,9.0,1289.0,306.0,19.0,99.0,279.0,0.0,1159.0,28.0,4.0,9212.0,81.0,12.0,137.0,21048.0,24.0,0.0,46.0,126.0,3249.0,364.0,0.0,8.0,141.0,28678.0,9.0,266.0,235.0,1101.0,1.0,3.0,4.0,36393.0,21.0,96007.0,126.0,10.0,1592.0,3.0,5.0,3.0,,1.0,5.0,26.0,0.0,3.0,31.0,2.0,147.0,63.0,7300.0,17.0,7.0,4.0,41.0,635.0,6.0,1637.0,169.0,61.0,561.0,482.0,6989.0,10.0,2.0,205.0,7.0,456.0,0.0,167.0,16.0,588.0,0.0,197.0,106.0,47.0,17.0,582.0,9.0,109.0,3244.0,0.0,5788.0,56.0,59.0,29.0,3925.0,230.0,0.0,52.0,29.0,64.0,25.0,35.0,51.0,159.0,60.0,1.0,20.0,190.0,0.0,630.0,3.0,33.0,61.0,21.0,3.0,707.0,2.0,5.0,38.0,33.0,10.0,62.0,10.0,0.0
2020-05-23,1.0,4.0,0.0,0.0,221.0,23.0,7.0,1351.0,4638.0,1.0,6.0,820.0,,115.0,3.0,10.0,50.0,36.0,0.0,705.0,55.0,299.0,0.0,44.0,13.0,452.0,9.0,7.0,6355.0,12.0,14.0,238.0,244.0,445.0,13.0,28332.0,10.0,32735.0,148.0,993.0,11.0,35.0,407.0,314.0,8247.0,31.0,242.0,863.0,21.0,4308.0,102.0,3867.0,0.0,3096.0,9.0,1302.0,306.0,20.0,99.0,279.0,0.0,1170.0,28.0,4.0,9237.0,81.0,12.0,146.0,22013.0,26.0,0.0,49.0,127.0,3388.0,379.0,0.0,8.0,141.0,28752.0,9.0,266.0,235.0,1133.0,1.0,3.0,4.0,36675.0,21.0,97087.0,126.0,10.0,1604.0,3.0,6.0,3.0,,1.0,5.0,26.0,0.0,4.0,31.0,2.0,152.0,63.0,7359.0,17.0,7.0,5.0,42.0,639.0,6.0,1641.0,171.0,63.0,561.0,486.0,7179.0,10.0,2.0,216.0,7.0,458.0,0.0,174.0,16.0,605.0,0.0,198.0,106.0,48.0,17.0,592.0,9.0,109.0,3373.0,0.0,5811.0,56.0,60.0,29.0,3992.0,240.0,0.0,52.0,30.0,64.0,26.0,35.0,51.0,159.0,61.0,1.0,22.0,194.0,1.0,673.0,3.0,35.0,61.0,21.0,3.0,735.0,2.0,5.0,39.0,39.0,10.0,63.0,10.0,0.0
2020-05-24,1.0,4.0,0.0,0.0,226.0,23.0,7.0,1372.0,4638.0,1.0,6.0,830.0,,115.0,3.0,10.0,51.0,37.0,0.0,727.0,58.0,306.0,0.0,44.0,13.0,480.0,9.0,7.0,6424.0,12.0,16.0,238.0,245.0,452.0,14.0,28367.0,10.0,32785.0,156.0,996.0,11.0,35.0,429.0,315.0,8257.0,32.0,250.0,868.0,23.0,4340.0,102.0,4021.0,0.0,3108.0,9.0,1316.0,307.0,20.0,99.0,280.0,0.0,1179.0,28.0,4.0,9280.0,82.0,12.0,146.0,22666.0,26.0,0.0,49.0,127.0,3541.0,390.0,0.0,8.0,144.0,26834.0,9.0,267.0,235.0,1167.0,1.0,3.0,4.0,36793.0,21.0,97720.0,130.0,10.0,1606.0,3.0,6.0,4.0,,1.0,5.0,26.0,0.0,4.0,32.0,2.0,160.0,67.0,7417.0,17.0,7.0,5.0,42.0,640.0,6.0,1641.0,171.0,63.0,562.0,491.0,7394.0,10.0,2.0,218.0,7.0,458.0,0.0,180.0,16.0,617.0,0.0,199.0,106.0,48.0,17.0,600.0,9.0,110.0,3456.0,0.0,5822.0,57.0,60.0,30.0,3998.0,250.0,0.0,52.0,30.0,64.0,27.0,35.0,51.0,165.0,61.0,1.0,22.0,199.0,1.0,718.0,3.0,35.0,61.0,21.0,3.0,764.0,2.0,5.0,40.0,42.0,10.0,65.0,10.0,0.0
2020-05-25,1.0,4.0,0.0,0.0,233.0,23.0,7.0,1391.0,4638.0,1.0,6.0,846.0,,115.0,4.0,11.0,52.0,37.0,0.0,750.0,59.0,310.0,0.0,46.0,13.0,501.0,9.0,7.0,6545.0,14.0,16.0,239.0,248.0,467.0,14.0,28432.0,10.0,32877.0,165.0,1007.0,11.0,36.0,481.0,317.0,8302.0,32.0,261.0,873.0,26.0,4369.0,102.0,4167.0,0.0,3203.0,10.0,1330.0,308.0,20.0,100.0,281.0,0.0,1197.0,28.0,4.0,9312.0,82.0,12.0,165.0,23473.0,26.0,0.0,51.0,129.0,3633.0,399.0,0.0,8.0,146.0,27117.0,9.0,269.0,235.0,1197.0,1.0,3.0,4.0,36914.0,21.0,98220.0,130.0,10.0,1606.0,3.0,6.0,4.0,,1.0,5.0,26.0,1.0,4.0,32.0,2.0,163.0,67.0,7451.0,17.0,7.0,5.0,42.0,641.0,8.0,1641.0,172.0,63.0,563.0,499.0,7633.0,10.0,2.0,219.0,7.0,460.0,0.0,182.0,17.0,623.0,0.0,200.0,106.0,48.0,17.0,609.0,9.0,110.0,3629.0,0.0,5830.0,57.0,61.0,30.0,4029.0,261.0,0.0,52.0,30.0,65.0,31.0,35.0,51.0,171.0,62.0,1.0,22.0,204.0,1.0,761.0,3.0,36.0,66.0,21.0,3.0,783.0,2.0,5.0,42.0,45.0,14.0,67.0,10.0,0.0
2020-05-26,1.0,4.0,0.0,0.0,249.0,23.0,7.0,1418.0,4638.0,1.0,6.0,858.0,,115.0,4.0,11.0,52.0,37.0,0.0,776.0,63.0,313.0,0.0,46.0,14.0,522.0,9.0,7.0,6639.0,14.0,16.0,239.0,253.0,484.0,14.0,28530.0,10.0,32955.0,172.0,1024.0,11.0,36.0,524.0,317.0,8349.0,34.0,267.0,886.0,28.0,4397.0,102.0,4337.0,0.0,3203.0,10.0,1342.0,312.0,20.0,101.0,281.0,0.0,1210.0,28.0,4.0,9334.0,82.0,12.0,170.0,24512.0,26.0,0.0,52.0,129.0,3807.0,411.0,0.0,8.0,149.0,27118.0,9.0,269.0,235.0,1225.0,1.0,3.0,4.0,37048.0,21.0,98916.0,133.0,10.0,1615.0,4.0,9.0,4.0,,1.0,5.0,26.0,1.0,4.0,33.0,2.0,169.0,67.0,7508.0,35.0,7.0,5.0,42.0,643.0,8.0,1647.0,173.0,65.0,563.0,505.0,8134.0,11.0,2.0,220.0,7.0,468.0,0.0,188.0,19.0,644.0,0.0,202.0,106.0,48.0,17.0,617.0,9.0,110.0,3788.0,0.0,5856.0,57.0,62.0,30.0,4125.0,274.0,0.0,53.0,30.0,65.0,33.0,37.0,51.0,175.0,63.0,1.0,22.0,208.0,1.0,806.0,3.0,37.0,67.0,21.0,3.0,797.0,2.0,6.0,44.0,49.0,14.0,70.0,10.0,0.0
2020-05-27,1.0,4.0,0.0,0.0,254.0,23.0,7.0,1473.0,4638.0,2.0,6.0,858.0,,115.0,4.0,11.0,55.0,38.0,0.0,803.0,68.0,315.0,0.0,46.0,14.0,544.0,9.0,7.0,6765.0,14.0,16.0,240.0,255.0,500.0,15.0,28596.0,10.0,33072.0,175.0,1028.0,11.0,39.0,552.0,317.0,8411.0,34.0,274.0,904.0,30.0,4397.0,103.0,4531.0,0.0,3275.0,10.0,1356.0,313.0,21.0,101.0,281.0,0.0,1219.0,28.0,4.0,9364.0,82.0,12.0,184.0,25598.0,27.0,0.0,54.0,129.0,3968.0,425.0,0.0,8.0,151.0,27119.0,9.0,269.0,235.0,1260.0,1.0,3.0,4.0,37460.0,22.0,100442.0,133.0,10.0,1631.0,4.0,16.0,4.0,,1.0,5.0,26.0,1.0,4.0,33.0,2.0,175.0,68.0,7564.0,35.0,7.0,5.0,42.0,645.0,8.0,1647.0,173.0,66.0,565.0,509.0,8597.0,11.0,2.0,227.0,7.0,474.0,0.0,194.0,19.0,644.0,0.0,202.0,107.0,48.0,17.0,623.0,9.0,110.0,3983.0,0.0,5871.0,57.0,64.0,30.0,4220.0,280.0,0.0,53.0,31.0,66.0,34.0,37.0,51.0,177.0,64.0,1.0,22.0,214.0,1.0,841.0,4.0,39.0,67.0,21.0,3.0,816.0,2.0,6.0,45.0,53.0,18.0,70.0,10.0,0.0
2020-05-28,1.0,4.0,0.0,0.0,259.0,23.0,7.0,1496.0,4638.0,2.0,6.0,874.0,,115.0,5.0,11.0,58.0,40.0,0.0,822.0,80.0,320.0,0.0,47.0,14.0,559.0,9.0,7.0,6877.0,14.0,16.0,241.0,258.0,508.0,15.0,28662.0,10.0,33142.0,185.0,1038.0,11.0,39.0,577.0,319.0,8450.0,34.0,282.0,921.0,33.0,4461.0,103.0,4706.0,0.0,3313.0,10.0,1369.0,313.0,22.0,102.0,284.0,0.0,1229.0,28.0,4.0,9388.0,82.0,12.0,195.0,26754.0,27.0,0.0,56.0,131.0,4142.0,441.0,0.0,8.0,153.0,27121.0,9.0,269.0,236.0,1317.0,1.0,3.0,4.0,37837.0,22.0,101617.0,136.0,10.0,1639.0,4.0,16.0,4.0,,1.0,5.0,26.0,2.0,4.0,33.0,2.0,179.0,69.0,7627.0,35.0,7.0,5.0,42.0,668.0,8.0,1654.0,175.0,68.0,568.0,517.0,9044.0,11.0,2.0,235.0,7.0,485.0,0.0,196.0,19.0,669.0,0.0,202.0,108.0,48.0,17.0,630.0,9.0,110.0,4099.0,0.0,5903.0,57.0,65.0,30.0,4266.0,293.0,0.0,53.0,32.0,66.0,35.0,37.0,51.0,177.0,64.0,1.0,22.0,219.0,1.0,890.0,5.0,41.0,72.0,21.0,3.0,845.0,2.0,7.0,45.0,57.0,20.0,72.0,10.0,0.0
2020-05-29,1.0,4.0,0.0,0.0,261.0,23.0,7.0,1520.0,4638.0,2.0,6.0,886.0,,115.0,6.0,11.0,62.0,40.0,0.0,853.0,90.0,326.0,0.0,47.0,14.0,582.0,9.0,7.0,6979.0,15.0,16.0,242.0,260.0,520.0,15.0,28714.0,10.0,33229.0,194.0,1051.0,11.0,43.0,611.0,319.0,8489.0,34.0,288.0,942.0,36.0,4489.0,103.0,4971.0,0.0,3334.0,10.0,1383.0,314.0,22.0,103.0,284.0,0.0,1240.0,28.0,4.0,9443.0,82.0,12.0,233.0,27878.0,27.0,0.0,58.0,132.0,4374.0,458.0,0.0,8.0,153.0,27125.0,9.0,269.0,236.0,1395.0,1.0,3.0,4.0,38161.0,22.0,102836.0,139.0,10.0,1645.0,4.0,20.0,4.0,,1.0,5.0,26.0,2.0,4.0,33.0,2.0,185.0,69.0,7677.0,35.0,7.0,5.0,42.0,668.0,10.0,1656.0,175.0,68.0,568.0,517.0,9415.0,14.0,2.0,246.0,7.0,488.0,0.0,199.0,19.0,696.0,0.0,202.0,108.0,48.0,17.0,638.0,9.0,110.0,4230.0,0.0,5931.0,57.0,65.0,30.0,4350.0,300.0,0.0,53.0,32.0,67.0,35.0,37.0,51.0,177.0,64.0,1.0,22.0,224.0,1.0,944.0,5.0,41.0,72.0,21.0,3.0,879.0,5.0,8.0,45.0,66.0,20.0,73.0,10.0,0.0
2020-05-30,1.0,,,0.0,273.0,23.0,7.0,1573.0,4638.0,2.0,6.0,891.0,,115.0,6.0,12.0,63.0,42.0,0.0,890.0,102.0,330.0,1.0,47.0,14.0,610.0,9.0,7.0,7073.0,17.0,16.0,242.0,262.0,528.0,17.0,28771.0,10.0,33340.0,205.0,1061.0,11.0,46.0,643.0,319.0,8500.0,35.0,291.0,950.0,36.0,4515.0,103.0,5164.0,0.0,3334.0,10.0,1396.0,316.0,23.0,103.0,284.0,0.0,1253.0,28.0,4.0,9453.0,83.0,12.0,262.0,28834.0,27.0,0.0,61.0,133.0,4555.0,480.0,0.0,8.0,153.0,,9.0,270.0,236.0,1483.0,1.0,3.0,4.0,38376.0,22.0,103781.0,140.0,10.0,1651.0,4.0,21.0,4.0,,1.0,5.0,26.0,2.0,4.0,33.0,2.0,195.0,69.0,7734.0,35.0,7.0,5.0,42.0,668.0,10.0,1656.0,175.0,70.0,571.0,524.0,9779.0,14.0,2.0,249.0,7.0,498.0,0.0,201.0,19.0,696.0,0.0,204.0,108.0,48.0,17.0,646.0,9.0,110.0,4371.0,0.0,5951.0,57.0,65.0,,4395.0,310.0,0.0,53.0,33.0,67.0,41.0,38.0,51.0,191.0,64.0,1.0,22.0,229.0,1.0,997.0,5.0,42.0,73.0,21.0,3.0,913.0,6.0,8.0,46.0,77.0,22.0,76.0,10.0,0.0
2020-05-31,,,,,,,,,,,,,,,,,,,,,,,,,,,,,,,,,,,,,,,,,,,,,,,,,,,,,,,,,,,,,,,,,,,,,,,,,,,,,,,,,,,,,,,,,,,,,,,,,,,,,,,,,,,,,,,,,,,,,,,,,,,,,,,,,,,,,,,,,,,,,,,,,,,,,,,,,,,,,,,,,,,,,,,,,,,
2020-06-01,,,,,,,,,,,,,,,,,,,,,,,,,,,,,,,,,,,,,,,,,,,,,,,,,,,,,,,,,,,,,,,,,,,,,,,,,,,,,,,,,,,,,,,,,,,,,,,,,,,,,,,,,,,,,,,,,,,,,,,,,,,,,,,,,,,,,,,,,,,,,,,,,,,,,,,,,,,,,,,,,,,,,,,,,,,
