14,Biden,1848486,4
10,Bernie Sanders,763391,10
38,#NCTzenSelcaDay,460878,7
32,#bangbangcon,359847,7
35,#REMEMBERWINNER,298368,4
19,Xbox,147391,6
4,#SelenasBoyfriend,143648,8
4,#AhoraTocaLucharJuntos,128254,7
11,Semana Santa,120477,5
8,Valorant,119906,11
6,#ManifestaciónGobiernoDimisión,96848,11
29,Portugal,93685,2
9,Twenty One Pilots,91563,5
8,Lastra,86065,1
1,#SVGala8,80522,4
3,#levelofconcern,78614,6
46,#9Abr,73963,3
27,Bono,72798,3
2,Adriana Lastra,65984,8
37,#GobiernoDimision,65080,4
35,#DiaMundialDeLaSalud,64651,9
32,#FelizMiércoles,63757,10
1,Jueves Santo,53812,12
2,#GobiernoDelBulo,51456,12
16,Sushi,50478,4
5,Miércoles Santo,49298,7
6,#NoMeVanACallar,48739,6
22,Ana Rosa,46202,5
14,Megan,42372,1
7,Dalas,40320,11
47,#8abril,38431,4
12,Felipe González,37762,9
38,#oposiciongolpista,36557,2
32,#ManifestaciónOnline8A,32488,4
13,Marina Yers,31744,8
7,#WWENXT,30094,4
45,#BloqueoNoSolidaridadSi,29956,4
15,Yanny,29922,3
3,#JuevesSanto,28633,1
16,Ibai,27576,4
5,paulo londra,27394,9
21,Saque,26940,3
2,#teamfacha,26709,10
12,Gorillaz,24363,5
14,Robe,24349,7
9,Laurel,24059,11
38,#RepúblicaEsPosible,23122,7
2,#CalmaFlavio,23007,2
26,Happy Easter,22989,1
47,#easter,21904,1
1,#LaCuarentenaTerminaraCuando,19666,11
17,investigar,18977,1
2,#PlenoDelCongreso,18280,9
4,#AgoneyLibertad,17574,10
8,Pelayo,16426,9
12,Tortilla,16054,4
4,Robledo,16051,7
40,#EndSanctionsSaveLives,14754,3
10,Macarena Olona,14227,6
8,Señor Abascal,14088,7
16,Dia 26,13893,5
46,#singleFlavioCALMA,13530,4
1,#FinDelCursoYa,13375,12
3,Rufián,13234,5
9,Madrugá,13160,6
3,#PreludioLibertad,13027,1
36,#RareDeluxe,12715,3
40,#BulosGubernamentales,12676,8
38,#ApagaLaQuintana,12510,8
26,repaso,12013,5
2,Pleno del Congreso,11988,3
1,#QuedOTenCasa9A,10915,10
26,Aira,10786,2
7,Viernes Santo,10586,1
1,#felizjueves,10275,5
1,#LejosDeTi,0,10
2,#LaSaetaIM,0,5
2,Team Facha,0,6
2,#AtracoEnGol,0,4
3,Ana Oramas,0,6
3,#ApagonCultural,0,10
4,#coronavirusarv,0,5
4,#QuedateEnCasaEH12,0,3
4,#ElMonstruoDeLaBaguette,0,6
4,#Superviviente2020,0,1
5,#elconquis12,0,10
5,#EnCasaConCameraCafé,0,5
5,#TardeOTemprano,0,3
5,#LaCafeteraGabilondo,0,4
5,Bad Gyal,0,1
5,Torrevieja,0,5
5,Edmundo Bal,0,7
5,#AmorFraterno,0,1
5,GTA VI,0,9
6,#SobreQuimera,0,1
6,El Eurogrupo,0,3
6,Dime Bbsita,0,6
6,#congreso,0,2
7,Amor Fraterno,0,5
7,vox y la cup,0,3
7,Rocio Flores,0,1
7,Ocaña,0,7
7,Opep,0,3
7,#OTAskGèrard,0,7
8,Gabriel Rufián,0,1
8,Rocío Monasterio,0,3
8,Pasapuré,0,3
8,Noja,0,7
8,#Directobora,0,4
8,La CEOE,0,5
8,Aitor Esteban,0,7
9,Día 28,0,4
9,Unidad y Lealtad,0,3
9,Hugo Castejón,0,1
9,#PelisConBots,0,5
9,Misa de la Cena del Señor,0,5
10,maria teixidor,0,1
10,Soy Piscis,0,5
10,#IAcontraCOVID,0,5
10,Simancas,0,7
10,Joan Baldoví,0,3
11,El FMI,0,9
11,Carlos García Adanero,0,3
11,Gerrard,0,7
11,Jamón,0,4
11,Megan Montaner,0,2
11,Soy Géminis,0,10
11,Julio Álvarez,0,5
11,Lotina,0,2
11,Ejército y la Guardia Civil,0,6
12,Carme Chacón,0,8
12,Cristo de Mena,0,3
12,Teruel Existe,0,6
12,Maite Galdeano,0,2
12,Soy Acuario,0,5
13,Escenas de Matrimonio,0,3
13,Soy Leo,0,10
13,Gran Poder,0,3
13,Semedo,0,2
13,Montesinos,0,4
13,Oskar Matute,0,6
14,Siervos,0,2
14,La CUP,0,8
14,Gran Depresión,0,2
14,Bankinter,0,3
14,Toda Europa,0,2
15,Soy Escorpio,0,8
15,Taika Waititi,0,4
15,Baldoví,0,5
16,Hoy Jueves Santo,0,1
16,Santos Oficios,0,2
16,Más de 15.000,0,6
16,Raúl Prieto,0,1
16,Last 6️⃣,0,2
16,Ingreso Mínimo Vital Puente,0,4
17,6- NO,0,1
17,La Fed,0,7
17,Triduo Pascual,0,2
17,Vox y CUP,0,2
17,Plataforma de Víctimas,0,2
17,Soy Tauro,0,8
18,Martes Santo,0,7
18,Marta Flich,0,2
18,Der Spiegel,0,5
18,Rentería,0,4
18,Errejón,0,4
18,Errenteria,0,2
18,Peonza,0,4
18,Hora Santa,0,4
18,Tomás Guitarte,0,2
19,Ánimo Carlos,0,1
20,Mireia Vehí,0,3
20,Mortales,0,1
20,Soy Aries,0,6
20,Can Barça,0,1
21,Manolete,0,2
21,India Martinez - La Saeta,0,1
21,Basílica,0,1
21,Trompo,0,6
21,Aitor Fernández,0,2
21,Ascensión,0,2
22,richal,0,1
22,Diamanka,0,2
22,Lampard,0,1
22,Casapalma,0,2
22,Free Woman,0,2
22,Soy Capricornio,0,5
22,Noche de Jesús,0,1
23,Pali,0,1
23,Braum,0,2
23,Banco de Inglaterra,0,2
23,Eurogrupo,0,3
23,HOY 9,0,1
23,Kukoc,0,2
23,Señor Sánchez,0,3
24,#madruga2020,0,1
24,Por Iñigo Sáenz de Ugarte,0,1
24,El Banco de Inglaterra,0,1
24,Señor de Sevilla,0,1
24,Rubalcaba,0,3
25,Newtrola,0,1
25,Paella,0,2
25,murcia y andalucía,0,1
25,Carrizosa,0,1
25,Tourmalet,0,4
26,Madre de Dios de la Palma,0,2
26,Virgen del Rosario,0,1
26,Esperanzas,0,1
27,Jueves 9,0,1
28,Los Pajaritos,0,1
28,sánchez y lastra,0,1
28,Javi Moreno,0,3
28,Quinta Angustia,0,2
28,Novio de la Muerte,0,1
29,Facebook y Whatsapp,0,1
29,#ManerasDeVivir,0,7
29,Soy Libra,0,1
29,#PrisionEsperanza,0,1
29,Última Cena,0,1
29,#FirstDates9A,0,4
29,dice sánchez,0,1
30,Newtral,0,1
30,#freecodefridaycontest,0,3
30,Lastre,0,1
31,Feliz 75,0,1
31,Coalición Canaria,0,1
31,Miércoles Santo de 2018,0,1
31,#BelenAguileraBunker,0,1
32,Señor Casado,0,1
32,#ELMILLORINSTITUTO,0,1
33,#LosHuesos,0,3
33,Navarra Suma,0,1
33,#SeñoritaOnFire,0,4
33,#Madrugá,0,3
33,#PerSempreCarme,0,2
33,Dentro de 15,0,1
33,#nickotisoverparty,0,5
34,#laladronadelibros,0,6
34,#ElNombreDeLaRosa,0,3
34,#TierraDeNadie7,0,10
34,#FugitivaNova9Abr,0,2
34,#tblolawarabailar,0,3
35,#PrePartyESatHome,0,4
35,#Numancia75,0,9
35,#Cuarentenatest,0,1
35,#DerechaIntoxica,0,3
36,#JuevesSantoEnCasa,0,4
36,#TheGoodFight,0,5
36,#pesadillacantina,0,2
37,#FelizSemanaSanta,0,1
37,#ChiringuitoEnCasa,0,3
37,#MedidasCsBCN,0,4
37,#MiSemanaSantaCSur,0,1
37,#Supervivientes,0,1
37,#ConfinadosCaducados,0,6
37,#LoQueMásMeGustaDeFlavio,0,5
37,#sinmásmola,0,2
38,#dimebbsita,0,1
38,#LaReunionSecreta,0,1
38,#JuegosEsperandoCALMA,0,4
38,#fotodetuinfancia,0,2
38,#LaLíneaInvisible,0,9
39,#JuevesSantoDigital,0,4
39,#aprobadogeneral,0,4
39,#GraciasSacerdotes,0,2
39,#InadinaAsk9A,0,2
39,#YoApoyoEsteGobierno,0,7
39,#Giandara9A,0,3
40,#EsperanzaDeTriana20,0,2
40,#DíaDelAmorFraterno,0,2
40,#c0r0n4con,0,5
40,#Extremoduro,0,3
41,#JuevesDeArquitectura,0,2
41,#DíaPuebloGitano,0,7
41,#CoronavirusA3N,0,2
42,#EnCasaConOperacionCongo,0,1
42,#ElMejorCineEnCasa,0,2
42,#9abril,0,2
42,#diadelniñoentwitter,0,5
42,#Mzungu,0,2
43,#FirstDates8A,0,7
43,#QuePagueLaBanca,0,2
43,#GobiernoMentiroso,0,2
43,#NickEsVida,0,2
44,#PactosDeLaMoncloa,0,2
44,#QuedOTEnCasa8A,0,5
44,#negritos2020,0,2
44,#Montesion20,0,2
45,#EsperanzaDesdeCasa,0,2
45,#SSZ2020ESPERANZA,0,2
45,#DebatesINMUJER,0,2
46,#LasCigarreras2020,0,4
46,#quédateencasaeh11,0,1
46,#SorteoMondoXbox,0,1
46,#Giandara8A,0,4
46,#TheCircleFrance,0,3
47,#FraudeDeEstado,0,2
48,#SomosMúsica,0,4
48,#DiviérteteConSoliss,0,1
48,#ministrocultura,0,1
48,#COVID__19,0,1
48,#HuelgaDeCultura,0,1
49,#LasCigarrerasEnCasa,0,3
49,#pablocasado,0,1
50,#pelayo,0,1
50,#DiariosDeLaCuarentena,0,3
